event,peak_date,origin_date,representation,seed,lead_months,observed_peak,predicted_peak,error,absolute_error
1,2015-11-01,2015-08-01,Raw,42,3,2.21,0.41281521214040623,-1.7971847878595937,1.7971847878595937
1,2015-11-01,2015-08-01,Raw,52,3,2.21,0.3245181558867661,-1.885481844113234,1.885481844113234
1,2015-11-01,2015-08-01,Raw,62,3,2.21,0.45512102669124926,-1.7548789733087506,1.7548789733087506
1,2015-11-01,2015-08-01,EMD-only,42,3,2.21,0.07468325342850457,-2.1353167465714953,2.1353167465714953
1,2015-11-01,2015-08-01,EMD-only,52,3,2.21,-0.26952759640298546,-2.4795275964029853,2.4795275964029853
1,2015-11-01,2015-08-01,EMD-only,62,3,2.21,-0.38767058619945605,-2.597670586199456,2.597670586199456
1,2015-11-01,2015-08-01,Full HHSA,42,3,2.21,-0.13829526443245693,-2.348295264432457,2.348295264432457
1,2015-11-01,2015-08-01,Full HHSA,52,3,2.21,0.0546691468752262,-2.1553308531247737,2.1553308531247737
1,2015-11-01,2015-08-01,Full HHSA,62,3,2.21,0.10429953658280217,-2.1057004634171976,2.1057004634171976
1,2015-11-01,2015-05-01,Raw,42,6,2.21,-0.16701283914263243,-2.3770128391426324,2.3770128391426324
1,2015-11-01,2015-05-01,Raw,52,6,2.21,-0.20468731966153147,-2.4146873196615313,2.4146873196615313
1,2015-11-01,2015-05-01,Raw,62,6,2.21,-0.06850009543656145,-2.2785000954365615,2.2785000954365615
1,2015-11-01,2015-05-01,EMD-only,42,6,2.21,-0.7275034539817149,-2.937503453981715,2.937503453981715
1,2015-11-01,2015-05-01,EMD-only,52,6,2.21,-0.8001218537745283,-3.0101218537745282,3.0101218537745282
1,2015-11-01,2015-05-01,EMD-only,62,6,2.21,-0.3269349203268468,-2.5369349203268468,2.5369349203268468
1,2015-11-01,2015-05-01,Full HHSA,42,6,2.21,-0.4609193729159328,-2.670919372915933,2.670919372915933
1,2015-11-01,2015-05-01,Full HHSA,52,6,2.21,-0.8443402276607221,-3.054340227660722,3.054340227660722
1,2015-11-01,2015-05-01,Full HHSA,62,6,2.21,-0.5040120593660183,-2.714012059366018,2.714012059366018
1,2015-11-01,2015-02-01,Raw,42,9,2.21,-0.7304939447357884,-2.9404939447357883,2.9404939447357883
1,2015-11-01,2015-02-01,Raw,52,9,2.21,-0.30934220082444924,-2.519342200824449,2.519342200824449
1,2015-11-01,2015-02-01,Raw,62,9,2.21,-0.2549261811919049,-2.4649261811919048,2.4649261811919048
1,2015-11-01,2015-02-01,EMD-only,42,9,2.21,-1.1950476471186864,-3.4050476471186863,3.4050476471186863
1,2015-11-01,2015-02-01,EMD-only,52,9,2.21,-0.8980060384925238,-3.108006038492524,3.108006038492524
1,2015-11-01,2015-02-01,EMD-only,62,9,2.21,-0.9926113425213031,-3.202611342521303,3.202611342521303
1,2015-11-01,2015-02-01,Full HHSA,42,9,2.21,-0.41109139254772464,-2.621091392547725,2.621091392547725
1,2015-11-01,2015-02-01,Full HHSA,52,9,2.21,-0.4621291693042846,-2.6721291693042843,2.6721291693042843
1,2015-11-01,2015-02-01,Full HHSA,62,9,2.21,0.02208340173673559,-2.1879165982632642,2.1879165982632642
2,2018-11-01,2018-08-01,Raw,42,3,1.15,1.3127521431756597,0.16275214317565978,0.16275214317565978
2,2018-11-01,2018-08-01,Raw,52,3,1.15,1.064482558674513,-0.08551744132548689,0.08551744132548689
2,2018-11-01,2018-08-01,Raw,62,3,1.15,1.428704514288411,0.27870451428841103,0.27870451428841103
2,2018-11-01,2018-08-01,EMD-only,42,3,1.15,-0.14592086217619002,-1.29592086217619,1.29592086217619
2,2018-11-01,2018-08-01,EMD-only,52,3,1.15,0.20249158769998793,-0.9475084123000119,0.9475084123000119
2,2018-11-01,2018-08-01,EMD-only,62,3,1.15,0.11326221703040157,-1.0367377829695983,1.0367377829695983
2,2018-11-01,2018-08-01,Full HHSA,42,3,1.15,-0.26437135185526833,-1.4143713518552683,1.4143713518552683
2,2018-11-01,2018-08-01,Full HHSA,52,3,1.15,0.3041223438351326,-0.8458776561648673,0.8458776561648673
2,2018-11-01,2018-08-01,Full HHSA,62,3,1.15,-0.2807610479244459,-1.4307610479244457,1.4307610479244457
2,2018-11-01,2018-05-01,Raw,42,6,1.15,1.1227421400934965,-0.027257859906503423,0.027257859906503423
2,2018-11-01,2018-05-01,Raw,52,6,1.15,1.2211058870793738,0.07110588707937393,0.07110588707937393
2,2018-11-01,2018-05-01,Raw,62,6,1.15,1.0177287497455156,-0.13227125025448427,0.13227125025448427
2,2018-11-01,2018-05-01,EMD-only,42,6,1.15,0.07504910180075999,-1.07495089819924,1.07495089819924
2,2018-11-01,2018-05-01,EMD-only,52,6,1.15,0.24664374466582953,-0.9033562553341704,0.9033562553341704
2,2018-11-01,2018-05-01,EMD-only,62,6,1.15,0.2528225476430026,-0.8971774523569973,0.8971774523569973
2,2018-11-01,2018-05-01,Full HHSA,42,6,1.15,0.21880457135594686,-0.931195428644053,0.931195428644053
2,2018-11-01,2018-05-01,Full HHSA,52,6,1.15,-0.11348140227713369,-1.2634814022771337,1.2634814022771337
2,2018-11-01,2018-05-01,Full HHSA,62,6,1.15,0.4336722867985937,-0.7163277132014062,0.7163277132014062
2,2018-11-01,2018-02-01,Raw,42,9,1.15,0.2732166607892659,-0.876783339210734,0.876783339210734
2,2018-11-01,2018-02-01,Raw,52,9,1.15,0.6397171451102581,-0.5102828548897418,0.5102828548897418
2,2018-11-01,2018-02-01,Raw,62,9,1.15,0.40236207194328993,-0.74763792805671,0.74763792805671
2,2018-11-01,2018-02-01,EMD-only,42,9,1.15,1.43396112246105,0.2839611224610501,0.2839611224610501
2,2018-11-01,2018-02-01,EMD-only,52,9,1.15,0.8915897027794604,-0.25841029722053954,0.25841029722053954
2,2018-11-01,2018-02-01,EMD-only,62,9,1.15,1.4339919067704232,0.2839919067704233,0.2839919067704233
2,2018-11-01,2018-02-01,Full HHSA,42,9,1.15,1.0686726603776735,-0.08132733962232641,0.08132733962232641
2,2018-11-01,2018-02-01,Full HHSA,52,9,1.15,0.1649504655910367,-0.9850495344089631,0.9850495344089631
2,2018-11-01,2018-02-01,Full HHSA,62,9,1.15,0.4834239750491101,-0.6665760249508899,0.6665760249508899
3,2020-01-01,2019-10-01,Raw,42,3,0.84,0.499932527668037,-0.340067472331963,0.340067472331963
3,2020-01-01,2019-10-01,Raw,52,3,0.84,0.6434461991422418,-0.1965538008577582,0.1965538008577582
3,2020-01-01,2019-10-01,Raw,62,3,0.84,0.6914205136665476,-0.14857948633345242,0.14857948633345242
3,2020-01-01,2019-10-01,EMD-only,42,3,0.84,1.2296684481313727,0.3896684481313727,0.3896684481313727
3,2020-01-01,2019-10-01,EMD-only,52,3,0.84,1.3902252789864746,0.5502252789864747,0.5502252789864747
3,2020-01-01,2019-10-01,EMD-only,62,3,0.84,1.1413638300022328,0.3013638300022329,0.3013638300022329
3,2020-01-01,2019-10-01,Full HHSA,42,3,0.84,0.6930794240640927,-0.14692057593590724,0.14692057593590724
3,2020-01-01,2019-10-01,Full HHSA,52,3,0.84,0.17910369129419645,-0.6608963087058035,0.6608963087058035
3,2020-01-01,2019-10-01,Full HHSA,62,3,0.84,0.7726303517632892,-0.06736964823671077,0.06736964823671077
3,2020-01-01,2019-07-01,Raw,42,6,0.84,-0.12873894877379854,-0.9687389487737985,0.9687389487737985
3,2020-01-01,2019-07-01,Raw,52,6,0.84,-0.07399190616227022,-0.9139919061622702,0.9139919061622702
3,2020-01-01,2019-07-01,Raw,62,6,0.84,0.661234875063199,-0.17876512493680097,0.17876512493680097
3,2020-01-01,2019-07-01,EMD-only,42,6,0.84,1.5358068868145076,0.6958068868145076,0.6958068868145076
3,2020-01-01,2019-07-01,EMD-only,52,6,0.84,0.6786214054278541,-0.16137859457214587,0.16137859457214587
3,2020-01-01,2019-07-01,EMD-only,62,6,0.84,1.2696882641146647,0.42968826411466476,0.42968826411466476
3,2020-01-01,2019-07-01,Full HHSA,42,6,0.84,-0.02600228505166996,-0.86600228505167,0.86600228505167
3,2020-01-01,2019-07-01,Full HHSA,52,6,0.84,-0.4332495841443401,-1.27324958414434,1.27324958414434
3,2020-01-01,2019-07-01,Full HHSA,62,6,0.84,0.1986909407228716,-0.6413090592771283,0.6413090592771283
3,2020-01-01,2019-04-01,Raw,42,9,0.84,0.17538821812263078,-0.6646117818773691,0.6646117818773691
3,2020-01-01,2019-04-01,Raw,52,9,0.84,-0.7658038806528613,-1.6058038806528612,1.6058038806528612
3,2020-01-01,2019-04-01,Raw,62,9,0.84,0.020635846176034672,-0.8193641538239653,0.8193641538239653
3,2020-01-01,2019-04-01,EMD-only,42,9,0.84,0.5150452877684807,-0.3249547122315193,0.3249547122315193
3,2020-01-01,2019-04-01,EMD-only,52,9,0.84,1.286267935043316,0.44626793504331597,0.44626793504331597
3,2020-01-01,2019-04-01,EMD-only,62,9,0.84,0.759465369611924,-0.08053463038807596,0.08053463038807596
3,2020-01-01,2019-04-01,Full HHSA,42,9,0.84,0.20288026803586123,-0.6371197319641387,0.6371197319641387
3,2020-01-01,2019-04-01,Full HHSA,52,9,0.84,-0.7279188277027099,-1.5679188277027098,1.5679188277027098
3,2020-01-01,2019-04-01,Full HHSA,62,9,0.84,0.20620411395518656,-0.6337958860448134,0.6337958860448134
4,2023-11-01,2023-08-01,Raw,42,3,1.86,1.1616385778980332,-0.6983614221019669,0.6983614221019669
4,2023-11-01,2023-08-01,Raw,52,3,1.86,1.464979112642782,-0.3950208873572181,0.3950208873572181
4,2023-11-01,2023-08-01,Raw,62,3,1.86,1.4966334718109302,-0.3633665281890699,0.3633665281890699
4,2023-11-01,2023-08-01,EMD-only,42,3,1.86,0.2998785801928172,-1.5601214198071829,1.5601214198071829
4,2023-11-01,2023-08-01,EMD-only,52,3,1.86,0.6364056767196062,-1.2235943232803939,1.2235943232803939
4,2023-11-01,2023-08-01,EMD-only,62,3,1.86,1.0919124524425385,-0.7680875475574616,0.7680875475574616
4,2023-11-01,2023-08-01,Full HHSA,42,3,1.86,0.7933379154321598,-1.0666620845678403,1.0666620845678403
4,2023-11-01,2023-08-01,Full HHSA,52,3,1.86,0.9765323631080519,-0.8834676368919482,0.8834676368919482
4,2023-11-01,2023-08-01,Full HHSA,62,3,1.86,0.45105680817624505,-1.408943191823755,1.408943191823755
4,2023-11-01,2023-05-01,Raw,42,6,1.86,0.5521503680848339,-1.3078496319151662,1.3078496319151662
4,2023-11-01,2023-05-01,Raw,52,6,1.86,0.8540119218516077,-1.0059880781483925,1.0059880781483925
4,2023-11-01,2023-05-01,Raw,62,6,1.86,0.6776706910344392,-1.1823293089655609,1.1823293089655609
4,2023-11-01,2023-05-01,EMD-only,42,6,1.86,0.29558088961794293,-1.5644191103820573,1.5644191103820573
4,2023-11-01,2023-05-01,EMD-only,52,6,1.86,-0.22473625538437156,-2.084736255384372,2.084736255384372
4,2023-11-01,2023-05-01,EMD-only,62,6,1.86,-0.06343623240110495,-1.923436232401105,1.923436232401105
4,2023-11-01,2023-05-01,Full HHSA,42,6,1.86,0.7308104633513958,-1.1291895366486044,1.1291895366486044
4,2023-11-01,2023-05-01,Full HHSA,52,6,1.86,0.7974930515236871,-1.062506948476313,1.062506948476313
4,2023-11-01,2023-05-01,Full HHSA,62,6,1.86,0.7251717794747367,-1.1348282205252636,1.1348282205252636
4,2023-11-01,2023-02-01,Raw,42,9,1.86,0.30538313476300016,-1.554616865237,1.554616865237
4,2023-11-01,2023-02-01,Raw,52,9,1.86,0.4002698338550721,-1.459730166144928,1.459730166144928
4,2023-11-01,2023-02-01,Raw,62,9,1.86,-0.4529904166301424,-2.3129904166301425,2.3129904166301425
4,2023-11-01,2023-02-01,EMD-only,42,9,1.86,0.20503390804777386,-1.6549660919522262,1.6549660919522262
4,2023-11-01,2023-02-01,EMD-only,52,9,1.86,0.513653839362275,-1.346346160637725,1.346346160637725
4,2023-11-01,2023-02-01,EMD-only,62,9,1.86,0.2932511401407347,-1.5667488598592654,1.5667488598592654
4,2023-11-01,2023-02-01,Full HHSA,42,9,1.86,0.32924094122309977,-1.5307590587769004,1.5307590587769004
4,2023-11-01,2023-02-01,Full HHSA,52,9,1.86,0.015894294315071056,-1.844105705684929,1.844105705684929
4,2023-11-01,2023-02-01,Full HHSA,62,9,1.86,0.4677020900780062,-1.3922979099219939,1.3922979099219939
