representation,origin_index,target_index,lead_months,observed,predicted
Raw,801,801,1,0.45,0.33598172276124993
Raw,802,802,1,0.84,0.437121546783082
Raw,803,803,1,0.78,0.48883673015852136
Raw,804,804,1,0.63,0.42454153762623015
Raw,805,805,1,0.67,0.24341635851879018
Raw,806,806,1,0.74,0.17671462937962795
Raw,807,807,1,1.07,0.22321899898251069
Raw,808,808,1,1.1,0.24760475430189127
Raw,809,809,1,1.23,0.24053113487437944
Raw,810,810,1,1.35,0.12865474195328813
Raw,811,811,1,1.49,0.10827266122918228
Raw,812,812,1,1.67,0.23246079300174854
Raw,813,813,1,1.91,0.3361873753409864
Raw,814,814,1,2.21,0.6182799867324614
Raw,815,815,1,2.13,0.7949099674630493
Raw,816,816,1,2.13,0.8150663905784804
Raw,817,817,1,1.87,0.8436123096665838
Raw,818,818,1,1.5,0.6571779679177493
Raw,819,819,1,1.08,0.42665020442514956
Raw,820,820,1,0.63,0.00810000426241711
Raw,821,821,1,0.37,-0.4441320256978282
Raw,822,822,1,0.01,-0.7097912447012182
Raw,823,823,1,-0.1,-1.0352685660505196
Raw,824,824,1,-0.21,-1.2108313766376102
Raw,825,825,1,-0.39,-1.4032164094420625
Raw,826,826,1,-0.37,-1.435364380664649
Raw,827,827,1,-0.17,-1.3307996162860345
Raw,828,828,1,-0.23,-1.212440160331945
Raw,829,829,1,0.22,-1.061673086848034
Raw,830,830,1,0.18,-0.7279792347266493
Raw,831,831,1,0.35,-0.5263010388705477
Raw,832,832,1,0.4,-0.28042432318590577
Raw,833,833,1,0.45,-0.09899617376010404
Raw,834,834,1,0.38,0.14862046663409872
Raw,835,835,1,0.05,0.2879248790989603
Raw,836,836,1,-0.2,0.18041050884939624
Raw,837,837,1,-0.12,-0.16166209233137507
Raw,838,838,1,-0.44,-0.24090123998694823
Raw,839,839,1,-0.65,-0.48367621122472043
Raw,840,840,1,-0.64,-0.5557920908087464
Raw,841,841,1,-0.48,-0.5657828713469342
Raw,842,842,1,-0.49,-0.328722991696354
Raw,843,843,1,-0.11,-0.37519632813968196
Raw,844,844,1,0.18,-0.037388740679469845
Raw,845,845,1,0.31,-0.006850920639414476
Raw,846,846,1,0.39,0.24433932482634618
Raw,847,847,1,0.35,0.3107972661101001
Raw,848,848,1,0.5,0.4584360118382903
Raw,849,849,1,1.01,0.5783096301260252
Raw,850,850,1,1.15,0.8645598467599199
Raw,851,851,1,1.1,0.9023180485897316
Raw,852,852,1,0.88,0.788233890088001
Raw,853,853,1,0.87,0.6367245793010772
Raw,854,854,1,0.92,0.5218566295001708
Raw,855,855,1,0.82,0.4203698163766212
Raw,856,856,1,0.83,0.2713600975627104
Raw,857,857,1,0.8,0.36547248796805254
Raw,858,858,1,0.65,0.2833856123121647
Raw,859,859,1,0.35,0.03818112735738205
Raw,860,860,1,0.18,-0.15585242901008134
Raw,861,861,1,0.78,-0.19490967294366737
Raw,862,862,1,0.82,-0.0501605951965263
Raw,863,863,1,0.73,0.41051097639312906
Raw,864,864,1,0.84,0.46413358523999804
Raw,865,865,1,0.67,0.46604833339015683
Raw,866,866,1,0.65,0.37854585157616405
Raw,867,867,1,0.66,0.21945571557841437
Raw,868,868,1,0.05,0.18923012397237327
Raw,869,869,1,-0.05,-0.1157990746926254
Raw,870,870,1,0.08,-0.2951280194555767
Raw,871,871,1,-0.29,-0.3315116089165642
Raw,872,872,1,-0.66,-0.6834717728470183
Raw,873,873,1,-0.9,-0.9208102451332325
Raw,874,874,1,-0.89,-1.0065033195007151
Raw,875,875,1,-1.02,-1.016604381345068
Raw,876,876,1,-1.12,-1.1154002864856696
Raw,877,877,1,-1.0,-0.9841122442222019
Raw,878,878,1,-0.64,-0.9980473900692091
Raw,879,879,1,-0.47,-0.9800992398284256
Raw,880,880,1,-0.25,-0.8845607356842804
Raw,881,881,1,-0.03,-0.5797170467184471
Raw,882,882,1,-0.18,-0.3276882442568692
Raw,883,883,1,-0.36,-0.18581341165011014
Raw,884,884,1,-0.49,-0.34487435067205263
Raw,885,885,1,-0.74,-0.38616587732634533
Raw,886,886,1,-0.69,-0.5362702263289885
Raw,887,887,1,-0.89,-0.5802843778698823
Raw,888,888,1,-0.56,-0.7357789462739514
Raw,889,889,1,-0.55,-0.4712234225826605
Raw,890,890,1,-0.67,-0.3185056051302583
Raw,891,891,1,-0.74,-0.15059240771871388
Raw,892,892,1,-0.78,-0.39749114989417444
Raw,893,893,1,-0.52,-0.6010900049784453
Raw,894,894,1,-0.5,-0.7134591127192206
Raw,895,895,1,-0.8,-0.4921374341589225
Raw,896,896,1,-0.93,-0.64674059876526
Raw,897,897,1,-0.83,-0.8604074533582956
Raw,898,898,1,-0.74,-0.9312978208994325
Raw,899,899,1,-0.63,-1.0055549884927415
Raw,900,900,1,-0.57,-0.8106121351856211
Raw,901,901,1,-0.47,-0.5862671828418551
Raw,902,902,1,-0.08,-0.7100482442571051
Raw,903,903,1,0.25,-0.4507742687681451
Raw,904,904,1,0.49,-0.025244651469626928
Raw,905,905,1,0.86,0.2863916601556098
Raw,906,906,1,0.97,0.4679059999362448
Raw,907,907,1,1.2,0.6923554107332104
Raw,908,908,1,1.41,0.8770346034381681
Raw,909,909,1,1.51,0.9209325625948862
Raw,910,910,1,1.86,0.9542892169330411
Raw,911,911,1,1.76,1.1207448208069377
Raw,912,912,1,1.64,1.2353244511610062
Raw,913,913,1,1.39,1.1606359513230249
Raw,914,914,1,1.04,1.0462556213454577
Raw,915,915,1,0.98,0.8136473789557943
Raw,916,916,1,0.5,0.3323484830733834
Raw,917,917,1,0.37,-0.007492978403907002
Raw,918,918,1,0.4,-0.24389110956277893
Raw,919,919,1,0.19,-0.518350374271367
Raw,920,920,1,-0.1,-0.6020867274235644
Raw,921,921,1,-0.01,-0.7261381103764861
Raw,922,922,1,-0.03,-0.7613544163242397
Raw,923,923,1,-0.52,-0.8769647357657263
Raw,924,924,1,-0.64,-1.0152816232464028
Raw,925,925,1,-0.42,-0.9917034799883298
Raw,926,926,1,0.04,-1.0178922905509853
Raw,927,927,1,-0.05,-1.0178480015784295
Raw,928,928,1,0.07,-0.8053106481231357
Raw,929,929,1,0.15,-0.5341843436479228
Raw,930,930,1,0.14,-0.4809402202438121
Raw,801,803,3,0.78,0.17383977936803455
Raw,802,804,3,0.63,0.38705445698908625
Raw,803,805,3,0.67,0.48691742412526806
Raw,804,806,3,0.74,0.4738080489912385
Raw,805,807,3,1.07,0.23992925650502836
Raw,806,808,3,1.1,0.19590626445621803
Raw,807,809,3,1.23,0.18145214772635684
Raw,808,810,3,1.35,0.10313225902831205
Raw,809,811,3,1.49,0.175481256486179
Raw,810,812,3,1.67,0.04510754270404643
Raw,811,813,3,1.91,0.0660078929727434
Raw,812,814,3,2.21,0.1413771031872275
Raw,813,815,3,2.13,0.13699346205110466
Raw,814,816,3,2.13,0.3889065248821101
Raw,815,817,3,1.87,0.49218533004959597
Raw,816,818,3,1.5,0.5548426016532734
Raw,817,819,3,1.08,0.609701564774553
Raw,818,820,3,0.63,0.47613329452003617
Raw,819,821,3,0.37,0.2925664361480175
Raw,820,822,3,0.01,-0.12414081893327708
Raw,821,823,3,-0.1,-0.4557241473603869
Raw,822,824,3,-0.21,-0.6422279010563768
Raw,823,825,3,-0.39,-0.9062299655322618
Raw,824,826,3,-0.37,-1.056661136362051
Raw,825,827,3,-0.17,-1.2267657353731183
Raw,826,828,3,-0.23,-1.235465824742366
Raw,827,829,3,0.22,-1.188088775908039
Raw,828,830,3,0.18,-1.1033318866210116
Raw,829,831,3,0.35,-0.920177727854389
Raw,830,832,3,0.4,-0.6335169441959145
Raw,831,833,3,0.45,-0.46392888234349583
Raw,832,834,3,0.38,-0.3602073815277895
Raw,833,835,3,0.05,-0.20212489773510917
Raw,834,836,3,-0.2,0.0373628427606284
Raw,835,837,3,-0.12,0.1545097594914608
Raw,836,838,3,-0.44,0.03307897491275083
Raw,837,839,3,-0.65,-0.27029423211794734
Raw,838,840,3,-0.64,-0.31571543072699004
Raw,839,841,3,-0.48,-0.48029956508497207
Raw,840,842,3,-0.49,-0.4203077444972638
Raw,841,843,3,-0.11,-0.3810555148265038
Raw,842,844,3,0.18,-0.053029006384181954
Raw,843,845,3,0.31,-0.10782180371291372
Raw,844,846,3,0.39,0.17639741691933128
Raw,845,847,3,0.35,0.2550878605617203
Raw,846,848,3,0.5,0.46386177645258164
Raw,847,849,3,1.01,0.4188854271104453
Raw,848,850,3,1.15,0.48588969519999115
Raw,849,851,3,1.1,0.4644247213328604
Raw,850,852,3,0.88,0.6136788014983613
Raw,851,853,3,0.87,0.6475434944878449
Raw,852,854,3,0.92,0.5387551805120755
Raw,853,855,3,0.82,0.4688778304768494
Raw,854,856,3,0.83,0.45414297022394245
Raw,855,857,3,0.8,0.44842463771252195
Raw,856,858,3,0.65,0.3910421194361736
Raw,857,859,3,0.35,0.49942360932008967
Raw,858,860,3,0.18,0.38260064101640034
Raw,859,861,3,0.78,0.2087152153056728
Raw,860,862,3,0.82,0.06527932929342486
Raw,861,863,3,0.73,0.09785026070683986
Raw,862,864,3,0.84,0.25046330128194205
Raw,863,865,3,0.67,0.6699780606199334
Raw,864,866,3,0.65,0.630641276566308
Raw,865,867,3,0.66,0.5400109942224798
Raw,866,868,3,0.05,0.44371022283465167
Raw,867,869,3,-0.05,0.11959076523537673
Raw,868,870,3,0.08,0.012923268676226618
Raw,869,871,3,-0.29,-0.16236234878939357
Raw,870,872,3,-0.66,-0.28183705397570263
Raw,871,873,3,-0.9,-0.31118881139852456
Raw,872,874,3,-0.89,-0.565668236697554
Raw,873,875,3,-1.02,-0.7412131194814029
Raw,874,876,3,-1.12,-0.8248761471832009
Raw,875,877,3,-1.0,-0.8944250869351349
Raw,876,878,3,-0.64,-0.9448369489563491
Raw,877,879,3,-0.47,-0.6285993160676887
Raw,878,880,3,-0.25,-0.6888805388299795
Raw,879,881,3,-0.03,-0.722950300495148
Raw,880,882,3,-0.18,-0.5878967180877056
Raw,881,883,3,-0.36,-0.4057980091843162
Raw,882,884,3,-0.49,-0.14771072865974383
Raw,883,885,3,-0.74,-0.052240185558453625
Raw,884,886,3,-0.69,-0.2821887233408018
Raw,885,887,3,-0.89,-0.4135547473039781
Raw,886,888,3,-0.56,-0.5566559941050425
Raw,887,889,3,-0.55,-0.5473714899338482
Raw,888,890,3,-0.67,-0.5876533039552144
Raw,889,891,3,-0.74,-0.18145782302478242
Raw,890,892,3,-0.78,0.06481542878429777
Raw,891,893,3,-0.52,0.14887227051224686
Raw,892,894,3,-0.5,-0.20671345845023875
Raw,893,895,3,-0.8,-0.2871411848707462
Raw,894,896,3,-0.93,-0.47836568177028327
Raw,895,897,3,-0.83,-0.3192694095917424
Raw,896,898,3,-0.74,-0.5526268938256
Raw,897,899,3,-0.63,-0.741718369469298
Raw,898,900,3,-0.57,-0.7002541193916233
Raw,899,901,3,-0.47,-0.7756275926666856
Raw,900,902,3,-0.08,-0.6253468879957467
Raw,901,903,3,0.25,-0.43093354447439247
Raw,902,904,3,0.49,-0.42607654899532166
Raw,903,905,3,0.86,-0.06387968832890527
Raw,904,906,3,0.97,0.3422083408343516
Raw,905,907,3,1.2,0.6402722593293587
Raw,906,908,3,1.41,0.7669899458536256
Raw,907,909,3,1.51,1.04649996446964
Raw,908,910,3,1.86,1.098074338813269
Raw,909,911,3,1.76,1.206303153698657
Raw,910,912,3,1.64,1.2926434276203034
Raw,911,913,3,1.39,1.379078593294507
Raw,912,914,3,1.04,1.3905649130333049
Raw,913,915,3,0.98,1.3151063552538547
Raw,914,916,3,0.5,1.1399869833455327
Raw,915,917,3,0.37,0.8186490512872943
Raw,916,918,3,0.4,0.2362917835004559
Raw,917,919,3,0.19,-0.20909444957040432
Raw,918,920,3,-0.1,-0.4950707828389751
Raw,919,921,3,-0.01,-0.7363115275292378
Raw,920,922,3,-0.03,-0.7621775261007555
Raw,921,923,3,-0.52,-0.7808789764702238
Raw,922,924,3,-0.64,-0.8131683250015155
Raw,923,925,3,-0.42,-0.8873089123220288
Raw,924,926,3,0.04,-1.0080198360497508
Raw,925,927,3,-0.05,-1.0004798292792725
Raw,926,928,3,0.07,-0.9778271181406064
Raw,927,929,3,0.15,-0.9127006288379339
Raw,928,930,3,0.14,-0.6701630964612441
Raw,929,931,3,-0.15,-0.4741038139655963
Raw,930,932,3,-0.32,-0.4498409470554169
Raw,801,806,6,0.74,0.058132370896898156
Raw,802,807,6,1.07,0.19396645621977
Raw,803,808,6,1.1,0.24584351820449546
Raw,804,809,6,1.23,0.12354065373094314
Raw,805,810,6,1.35,-0.10727396527258466
Raw,806,811,6,1.49,-0.18797957214201386
Raw,807,812,6,1.67,-0.19867531891688392
Raw,808,813,6,1.91,-0.22788292810016691
Raw,809,814,6,2.21,-0.2701385819029479
Raw,810,815,6,2.13,-0.3521576316279429
Raw,811,816,6,2.13,-0.3281279804549334
Raw,812,817,6,1.87,-0.26390407128359983
Raw,813,818,6,1.5,-0.3193718751606647
Raw,814,819,6,1.08,-0.1685958209785933
Raw,815,820,6,0.63,-0.07769529700220877
Raw,816,821,6,0.37,-0.03393508316822075
Raw,817,822,6,0.01,-0.045080292607187086
Raw,818,823,6,-0.1,-0.21878368393037434
Raw,819,824,6,-0.21,-0.37816529627838535
Raw,820,825,6,-0.39,-0.7070395531850078
Raw,821,826,6,-0.37,-0.9681345487452422
Raw,822,827,6,-0.17,-1.0072695673215297
Raw,823,828,6,-0.23,-1.0588908380850044
Raw,824,829,6,0.22,-1.0792116049137142
Raw,825,830,6,0.18,-1.1470141501315243
Raw,826,831,6,0.35,-1.222050512617314
Raw,827,832,6,0.4,-1.1393663482805718
Raw,828,833,6,0.45,-1.0268389764321995
Raw,829,834,6,0.38,-0.7706183952904342
Raw,830,835,6,0.05,-0.4665647453199511
Raw,831,836,6,-0.2,-0.27627168397223534
Raw,832,837,6,-0.12,-0.16856410388334234
Raw,833,838,6,-0.44,-0.05124783448249663
Raw,834,839,6,-0.65,0.11653943217663049
Raw,835,840,6,-0.64,0.25303659974296605
Raw,836,841,6,-0.48,0.2289158344070712
Raw,837,842,6,-0.49,0.0005583265673808901
Raw,838,843,6,-0.11,-0.08606774860104054
Raw,839,844,6,0.18,-0.29919591457215694
Raw,840,845,6,0.31,-0.2719097024982126
Raw,841,846,6,0.39,-0.1895731918768631
Raw,842,847,6,0.35,0.11959132033683723
Raw,843,848,6,0.5,0.12105069331017498
Raw,844,849,6,1.01,0.33888781241232907
Raw,845,850,6,1.15,0.3765437970612317
Raw,846,851,6,1.1,0.5376202057390769
Raw,847,852,6,0.88,0.5550097673198946
Raw,848,853,6,0.87,0.6086956149860092
Raw,849,854,6,0.92,0.6874232000938956
Raw,850,855,6,0.82,0.7515522838211304
Raw,851,856,6,0.83,0.6993890776366585
Raw,852,857,6,0.8,0.4372362785667618
Raw,853,858,6,0.65,0.21855844381497075
Raw,854,859,6,0.35,0.18895817058610248
Raw,855,860,6,0.18,0.20267524267856762
Raw,856,861,6,0.78,0.1567506560319301
Raw,857,862,6,0.82,0.2862574266141588
Raw,858,863,6,0.73,0.22522841143002637
Raw,859,864,6,0.84,0.11923662788944067
Raw,860,865,6,0.67,-0.016130156319454858
Raw,861,866,6,0.65,0.056179795159448875
Raw,862,867,6,0.66,0.1680536722408253
Raw,863,868,6,0.05,0.552717432623741
Raw,864,869,6,-0.05,0.567646503123902
Raw,865,870,6,0.08,0.4361062376191956
Raw,866,871,6,-0.29,0.33822662999139125
Raw,867,872,6,-0.66,-0.004605192239421602
Raw,868,873,6,-0.9,-0.12026102779809675
Raw,869,874,6,-0.89,-0.2920692495037348
Raw,870,875,6,-1.02,-0.3962207456545367
Raw,871,876,6,-1.12,-0.29681062111799095
Raw,872,877,6,-1.0,-0.5282047743557614
Raw,873,878,6,-0.64,-0.5801684770840526
Raw,874,879,6,-0.47,-0.6389314016320404
Raw,875,880,6,-0.25,-0.6969045301922778
Raw,876,881,6,-0.03,-0.7661993639132352
Raw,877,882,6,-0.18,-0.5220276118675445
Raw,878,883,6,-0.36,-0.5051024464395151
Raw,879,884,6,-0.49,-0.4329350147864944
Raw,880,885,6,-0.74,-0.3959046240226082
Raw,881,886,6,-0.69,-0.22703730825749796
Raw,882,887,6,-0.89,0.0005765957909731334
Raw,883,888,6,-0.56,0.10465792000859397
Raw,884,889,6,-0.55,-0.04777424094893558
Raw,885,890,6,-0.67,-0.13954649075950068
Raw,886,891,6,-0.74,-0.28653639194331854
Raw,887,892,6,-0.78,-0.35582490764982916
Raw,888,893,6,-0.52,-0.4352585860995277
Raw,889,894,6,-0.5,-0.05874478821579551
Raw,890,895,6,-0.8,0.14193815952559774
Raw,891,896,6,-0.93,0.3883449644091897
Raw,892,897,6,-0.83,0.25230556570776136
Raw,893,898,6,-0.74,0.04764276591156977
Raw,894,899,6,-0.63,-0.12330591864684906
Raw,895,900,6,-0.57,0.032186340023749954
Raw,896,901,6,-0.47,-0.052956249888926346
Raw,897,902,6,-0.08,-0.19359797142075547
Raw,898,903,6,0.25,-0.19596020743583512
Raw,899,904,6,0.49,-0.2955076963205664
Raw,900,905,6,0.86,-0.2765740981637298
Raw,901,906,6,0.97,-0.04805400086135647
Raw,902,907,6,1.2,0.01949140558666687
Raw,903,908,6,1.41,0.4034995394249849
Raw,904,909,6,1.51,0.7005717392500006
Raw,905,910,6,1.86,0.7535582313169822
Raw,906,911,6,1.76,0.8328623021066861
Raw,907,912,6,1.64,1.016802058699785
Raw,908,913,6,1.39,1.0043468222198815
Raw,909,914,6,1.04,0.9919318796502952
Raw,910,915,6,0.98,0.974730179589947
Raw,911,916,6,0.5,0.9755304025106304
Raw,912,917,6,0.37,0.8906435927737251
Raw,913,918,6,0.4,0.6619692011639999
Raw,914,919,6,0.19,0.3266117777967307
Raw,915,920,6,-0.1,0.12847197446135145
Raw,916,921,6,-0.01,-0.36264957825498934
Raw,917,922,6,-0.03,-0.7170684512078016
Raw,918,923,6,-0.52,-0.838781420787057
Raw,919,924,6,-0.64,-0.9038274560655211
Raw,920,925,6,-0.42,-0.8779482945270931
Raw,921,926,6,0.04,-0.8732750403867748
Raw,922,927,6,-0.05,-0.8394206447941488
Raw,923,928,6,0.07,-0.8482074565222666
Raw,924,929,6,0.15,-0.9126965787091221
Raw,925,930,6,0.14,-0.841051664523607
Raw,926,931,6,-0.15,-0.8478368585839555
Raw,927,932,6,-0.32,-0.8500326999685603
Raw,928,933,6,-0.42,-0.6754496134975156
Raw,929,934,6,-0.54,-0.46402695797164095
Raw,930,935,6,-0.39,-0.4723696088659674
Raw,801,809,9,1.23,-0.23965215760612796
Raw,802,810,9,1.35,-0.15176771942840275
Raw,803,811,9,1.49,-0.12089076325398754
Raw,804,812,9,1.67,-0.24189928000540611
Raw,805,813,9,1.91,-0.31559746130665023
Raw,806,814,9,2.21,-0.4275975689055148
Raw,807,815,9,2.13,-0.47738099887365126
Raw,808,816,9,2.13,-0.5813201349779903
Raw,809,817,9,1.87,-0.5802663860783941
Raw,810,818,9,1.5,-0.5755724377988451
Raw,811,819,9,1.08,-0.5825565607762674
Raw,812,820,9,0.63,-0.5404258618349322
Raw,813,821,9,0.37,-0.5963075908249917
Raw,814,822,9,0.01,-0.5845554064548709
Raw,815,823,9,-0.1,-0.5915807377365653
Raw,816,824,9,-0.21,-0.5929859276619844
Raw,817,825,9,-0.39,-0.5136545093322072
Raw,818,826,9,-0.37,-0.6254264033103069
Raw,819,827,9,-0.17,-0.7145331115933625
Raw,820,828,9,-0.23,-0.8887393407835974
Raw,821,829,9,0.22,-1.0105840813557911
Raw,822,830,9,0.18,-0.9640111890484664
Raw,823,831,9,0.35,-0.9966469293411476
Raw,824,832,9,0.4,-0.9411128871369723
Raw,825,833,9,0.45,-0.9923660357899508
Raw,826,834,9,0.38,-1.0079061157559792
Raw,827,835,9,0.05,-0.9409350686664477
Raw,828,836,9,-0.2,-0.8577408907796256
Raw,829,837,9,-0.12,-0.6118955042245965
Raw,830,838,9,-0.44,-0.2813322042103097
Raw,831,839,9,-0.65,-0.11728934296422855
Raw,832,840,9,-0.64,-0.04480749123570549
Raw,833,841,9,-0.48,0.007920013692627959
Raw,834,842,9,-0.49,0.0942090986501393
Raw,835,843,9,-0.11,0.21133506879165762
Raw,836,844,9,0.18,0.2583080305738983
Raw,837,845,9,0.31,0.19325999351620163
Raw,838,846,9,0.39,0.12934832072052446
Raw,839,847,9,0.35,-0.008538772954012869
Raw,840,848,9,0.5,0.050115705152437184
Raw,841,849,9,1.01,0.1336795210869046
Raw,842,850,9,1.15,0.35850123023458946
Raw,843,851,9,1.1,0.36676205979645826
Raw,844,852,9,0.88,0.49109568477812227
Raw,845,853,9,0.87,0.4654640311858331
Raw,846,854,9,0.92,0.5590188954512523
Raw,847,855,9,0.82,0.4405148100794045
Raw,848,856,9,0.83,0.3898978063422146
Raw,849,857,9,0.8,0.3337431220248225
Raw,850,858,9,0.65,0.20003515991536966
Raw,851,859,9,0.35,0.20298431414136656
Raw,852,860,9,0.18,0.11404941754493295
Raw,853,861,9,0.78,-0.01800151139048392
Raw,854,862,9,0.82,0.07657826037829377
Raw,855,863,9,0.73,0.11125023416261862
Raw,856,864,9,0.84,0.1055583868235078
Raw,857,865,9,0.67,0.2775708148634811
Raw,858,866,9,0.65,0.26096439825217854
Raw,859,867,9,0.66,0.19154315750831322
Raw,860,868,9,0.05,0.04632310571472356
Raw,861,869,9,-0.05,-0.034530811496685715
Raw,862,870,9,0.08,-0.12638694844098122
Raw,863,871,9,-0.29,0.09652095960460158
Raw,864,872,9,-0.66,0.08912027058029606
Raw,865,873,9,-0.9,-0.08962695473761838
Raw,866,874,9,-0.89,-0.16912247752026038
Raw,867,875,9,-1.02,-0.48170703163917417
Raw,868,876,9,-1.12,-0.5727344090750439
Raw,869,877,9,-1.0,-0.6477301661180428
Raw,870,878,9,-0.64,-0.5859577696584537
Raw,871,879,9,-0.47,-0.35513941305613644
Raw,872,880,9,-0.25,-0.39720045980472013
Raw,873,881,9,-0.03,-0.3478153988616448
Raw,874,882,9,-0.18,-0.34007530446308554
Raw,875,883,9,-0.36,-0.3853929556049093
Raw,876,884,9,-0.49,-0.45972072294393085
Raw,877,885,9,-0.74,-0.2835757048722349
Raw,878,886,9,-0.69,-0.2555698147330845
Raw,879,887,9,-0.89,-0.15434524806796315
Raw,880,888,9,-0.56,-0.1611903868744656
Raw,881,889,9,-0.55,-0.10553852778749728
Raw,882,890,9,-0.67,-0.04222493853975608
Raw,883,891,9,-0.74,0.03746539617007569
Raw,884,892,9,-0.78,-0.028259309510986763
Raw,885,893,9,-0.52,-0.09069552184309157
Raw,886,894,9,-0.5,-0.11595732759197416
Raw,887,895,9,-0.8,-0.19989055521550225
Raw,888,896,9,-0.93,-0.21767594671213242
Raw,889,897,9,-0.83,0.15625316957872895
Raw,890,898,9,-0.74,0.35618393667409776
Raw,891,899,9,-0.63,0.5675669906197509
Raw,892,900,9,-0.57,0.5017034884797655
Raw,893,901,9,-0.47,0.2541570337245922
Raw,894,902,9,-0.08,0.11984386605320138
Raw,895,903,9,0.25,0.20771372894645737
Raw,896,904,9,0.49,0.08986473636020817
Raw,897,905,9,0.86,-0.0804162803874075
Raw,898,906,9,0.97,-0.1310658576770097
Raw,899,907,9,1.2,-0.20449106156715674
Raw,900,908,9,1.41,-0.22038742442434142
Raw,901,909,9,1.51,0.009582501556457651
Raw,902,910,9,1.86,0.10755292616806364
Raw,903,911,9,1.76,0.47632897823953646
Raw,904,912,9,1.64,0.7353161037849477
Raw,905,913,9,1.39,0.77460206053812
Raw,906,914,9,1.04,0.7749552240975621
Raw,907,915,9,0.98,0.859886731725587
Raw,908,916,9,0.5,0.7878005548028747
Raw,909,917,9,0.37,0.7143987155354071
Raw,910,918,9,0.4,0.6221790356624262
Raw,911,919,9,0.19,0.46921880113521985
Raw,912,920,9,-0.1,0.3278382767785819
Raw,913,921,9,-0.01,0.1103023327455391
Raw,914,922,9,-0.03,-0.22842913335541515
Raw,915,923,9,-0.52,-0.3673370932044355
Raw,916,924,9,-0.64,-0.6930808545713302
Raw,917,925,9,-0.42,-0.9146311852874265
Raw,918,926,9,0.04,-0.9579581175759266
Raw,919,927,9,-0.05,-0.9318973322748406
Raw,920,928,9,0.07,-0.9018850990190908
Raw,921,929,9,0.15,-0.8862672400350311
Raw,922,930,9,0.14,-0.8427611200826169
Raw,923,931,9,-0.15,-0.8347952412773708
Raw,924,932,9,-0.32,-0.8102979864920742
Raw,925,933,9,-0.42,-0.7721024818548433
Raw,926,934,9,-0.54,-0.7532476288602838
Raw,927,935,9,-0.39,-0.660090316520645
Raw,928,936,9,-0.4,-0.5565950199121582
Raw,929,937,9,-0.02,-0.37215552766361026
Raw,930,938,9,0.22,-0.3282988389940648
Raw,801,812,12,1.67,-0.3824144424969491
Raw,802,813,12,1.91,-0.37317969380654037
Raw,803,814,12,2.21,-0.3460359684572691
Raw,804,815,12,2.13,-0.46771625405327266
Raw,805,816,12,2.13,-0.4906533517268632
Raw,806,817,12,1.87,-0.5057200559663108
Raw,807,818,12,1.5,-0.6092182332219349
Raw,808,819,12,1.08,-0.6383674311454043
Raw,809,820,12,0.63,-0.7062585226365496
Raw,810,821,12,0.37,-0.6987909796584302
Raw,811,822,12,0.01,-0.7415700360120538
Raw,812,823,12,-0.1,-0.7357166778591504
Raw,813,824,12,-0.21,-0.7734144600853523
Raw,814,825,12,-0.39,-0.8045804945042668
Raw,815,826,12,-0.37,-0.8636685558758371
Raw,816,827,12,-0.17,-0.8576254235512053
Raw,817,828,12,-0.23,-0.8161249574272156
Raw,818,829,12,0.22,-0.8246273792510244
Raw,819,830,12,0.18,-0.7944703815245261
Raw,820,831,12,0.35,-0.845367187102468
Raw,821,832,12,0.4,-0.9016015237841345
Raw,822,833,12,0.45,-0.8395144915688793
Raw,823,834,12,0.38,-0.8097506479690996
Raw,824,835,12,0.05,-0.7819486434616454
Raw,825,836,12,-0.2,-0.7823615878185628
Raw,826,837,12,-0.12,-0.8342764858862218
Raw,827,838,12,-0.44,-0.7681749966402025
Raw,828,839,12,-0.65,-0.6429622985212196
Raw,829,840,12,-0.64,-0.4951852702677825
Raw,830,841,12,-0.48,-0.27622153605598193
Raw,831,842,12,-0.49,-0.27322361435954534
Raw,832,843,12,-0.11,-0.19663968910177243
Raw,833,844,12,0.18,-0.12072829760018979
Raw,834,845,12,0.31,-0.07261367315256144
Raw,835,846,12,0.39,0.0023779364782942347
Raw,836,847,12,0.35,0.09681150359621257
Raw,837,848,12,0.5,0.1239968303947914
Raw,838,849,12,1.01,0.12001475336120529
Raw,839,850,12,1.15,0.04992778563578443
Raw,840,851,12,1.1,0.09644337439227899
Raw,841,852,12,0.88,0.12701890456524859
Raw,842,853,12,0.87,0.24489050955866629
Raw,843,854,12,0.92,0.23890025425534703
Raw,844,855,12,0.82,0.3005454960861851
Raw,845,856,12,0.83,0.20951750511075842
Raw,846,857,12,0.8,0.20624842854709377
Raw,847,858,12,0.65,0.12713254377771863
Raw,848,859,12,0.35,0.04005886608659237
Raw,849,860,12,0.18,-0.009168900830532178
Raw,850,861,12,0.78,-0.20483680907633584
Raw,851,862,12,0.82,-0.25119908704980687
Raw,852,863,12,0.73,-0.26434591808685953
Raw,853,864,12,0.84,-0.2237162000043094
Raw,854,865,12,0.67,-0.06290304231399456
Raw,855,866,12,0.65,0.07226859218808168
Raw,856,867,12,0.66,0.14581176017163686
Raw,857,868,12,0.05,0.23831586819440773
Raw,858,869,12,-0.05,0.15616496609062844
Raw,859,870,12,0.08,0.11308870288705394
Raw,860,871,12,-0.29,-0.08434992019249316
Raw,861,872,12,-0.66,-0.21680965262532056
Raw,862,873,12,-0.9,-0.34920570734200584
Raw,863,874,12,-0.89,-0.20352555171448755
Raw,864,875,12,-1.02,-0.14946387750377182
Raw,865,876,12,-1.12,-0.2950511228597148
Raw,866,877,12,-1.0,-0.36513412591290273
Raw,867,878,12,-0.64,-0.5600972915819944
Raw,868,879,12,-0.47,-0.5837074779554512
Raw,869,880,12,-0.25,-0.5351530316549532
Raw,870,881,12,-0.03,-0.48103854668485635
Raw,871,882,12,-0.18,-0.36594618797037093
Raw,872,883,12,-0.36,-0.47393665913189564
Raw,873,884,12,-0.49,-0.4186018281699265
Raw,874,885,12,-0.74,-0.4797725683095121
Raw,875,886,12,-0.69,-0.4929193772592543
Raw,876,887,12,-0.89,-0.4706089407588806
Raw,877,888,12,-0.56,-0.2546519962986782
Raw,878,889,12,-0.55,-0.2826822068981131
Raw,879,890,12,-0.67,-0.2116567383063251
Raw,880,891,12,-0.74,-0.21896086831778566
Raw,881,892,12,-0.78,-0.12263520555132716
Raw,882,893,12,-0.52,-0.06820703383674029
Raw,883,894,12,-0.5,0.012351362137068805
Raw,884,895,12,-0.8,0.019202713327143628
Raw,885,896,12,-0.93,-0.017973532280117693
Raw,886,897,12,-0.83,-0.06431627678837429
Raw,887,898,12,-0.74,-0.07716988773501954
Raw,888,899,12,-0.63,-0.07350678459587197
Raw,889,900,12,-0.57,0.1720331083911986
Raw,890,901,12,-0.47,0.29992811158337407
Raw,891,902,12,-0.08,0.47589886279580207
Raw,892,903,12,0.25,0.48419361972638564
Raw,893,904,12,0.49,0.3196265469198444
Raw,894,905,12,0.86,0.1804418800185306
Raw,895,906,12,0.97,0.132441118417391
Raw,896,907,12,1.2,0.10969034929509244
Raw,897,908,12,1.41,0.07306313900833147
Raw,898,909,12,1.51,0.024290713040609535
Raw,899,910,12,1.86,0.005100992639340413
Raw,900,911,12,1.76,0.07768102136167712
Raw,901,912,12,1.64,0.23777388976960892
Raw,902,913,12,1.39,0.3579761256786005
Raw,903,914,12,1.04,0.7463205196648829
Raw,904,915,12,0.98,0.8991947469966047
Raw,905,916,12,0.5,0.7846273373905306
Raw,906,917,12,0.37,0.6846696234825593
Raw,907,918,12,0.4,0.6019062623462083
Raw,908,919,12,0.19,0.4395912117172076
Raw,909,920,12,-0.1,0.3003558102636986
Raw,910,921,12,-0.01,0.14776701724543642
Raw,911,922,12,-0.03,-0.10457636372987753
Raw,912,923,12,-0.52,-0.3387965653091989
Raw,913,924,12,-0.64,-0.5256394306696106
Raw,914,925,12,-0.42,-0.7880325047868204
Raw,915,926,12,0.04,-0.8609314521853194
Raw,916,927,12,-0.05,-1.0780381405494135
Raw,917,928,12,0.07,-1.107477256510372
Raw,918,929,12,0.15,-1.0297525409921973
Raw,919,930,12,0.14,-0.9619664967497414
Raw,920,931,12,-0.15,-0.9169567987351314
Raw,921,932,12,-0.32,-0.841551736739217
Raw,922,933,12,-0.42,-0.7608023407479473
Raw,923,934,12,-0.54,-0.7188867215359912
Raw,924,935,12,-0.39,-0.7417197879771747
Raw,925,936,12,-0.4,-0.6822001847332546
Raw,926,937,12,-0.02,-0.6778826014533283
Raw,927,938,12,0.22,-0.6913986660598391
Raw,928,939,12,0.74,-0.5387721700025708
Raw,929,940,12,1.09,-0.41518366226045567
Raw,930,941,12,1.58,-0.34638358959341287
EMD-only,801,801,1,0.45,0.14734340910870825
EMD-only,802,802,1,0.84,0.6343233582531632
EMD-only,803,803,1,0.78,0.703486764652279
EMD-only,804,804,1,0.63,0.5173114075228423
EMD-only,805,805,1,0.67,0.7082855895212645
EMD-only,806,806,1,0.74,0.8715320073857601
EMD-only,807,807,1,1.07,0.9149302598879835
EMD-only,808,808,1,1.1,0.855838977518483
EMD-only,809,809,1,1.23,0.9003830086792383
EMD-only,810,810,1,1.35,0.9799469127252062
EMD-only,811,811,1,1.49,0.8767148758753346
EMD-only,812,812,1,1.67,0.9302545090674449
EMD-only,813,813,1,1.91,0.9493191472518426
EMD-only,814,814,1,2.21,1.1229897953002768
EMD-only,815,815,1,2.13,1.1534918400846124
EMD-only,816,816,1,2.13,1.058541664652596
EMD-only,817,817,1,1.87,1.0981059213772104
EMD-only,818,818,1,1.5,1.035003487339877
EMD-only,819,819,1,1.08,0.932194930705679
EMD-only,820,820,1,0.63,0.6411790618196931
EMD-only,821,821,1,0.37,0.2940619014494742
EMD-only,822,822,1,0.01,0.1709074804721148
EMD-only,823,823,1,-0.1,0.20522325132998642
EMD-only,824,824,1,-0.21,0.15494675376225292
EMD-only,825,825,1,-0.39,-0.1694272196610638
EMD-only,826,826,1,-0.37,-0.3597856184161873
EMD-only,827,827,1,-0.17,-0.5551622081004544
EMD-only,828,828,1,-0.23,-0.37867561512414216
EMD-only,829,829,1,0.22,-0.10576336555030585
EMD-only,830,830,1,0.18,0.2794705818307854
EMD-only,831,831,1,0.35,0.4178665189517211
EMD-only,832,832,1,0.4,0.17108670965089412
EMD-only,833,833,1,0.45,0.2722097047454054
EMD-only,834,834,1,0.38,0.22873456411652365
EMD-only,835,835,1,0.05,0.07919834029071993
EMD-only,836,836,1,-0.2,-0.04508342031078037
EMD-only,837,837,1,-0.12,-0.10082823298690043
EMD-only,838,838,1,-0.44,-0.2006694064035949
EMD-only,839,839,1,-0.65,-0.463220242025484
EMD-only,840,840,1,-0.64,-0.44044393208827515
EMD-only,841,841,1,-0.48,-0.28528318519796747
EMD-only,842,842,1,-0.49,-0.3517762841621268
EMD-only,843,843,1,-0.11,-0.3193132171915657
EMD-only,844,844,1,0.18,0.0550328829085345
EMD-only,845,845,1,0.31,0.26071420195337996
EMD-only,846,846,1,0.39,0.279735036402969
EMD-only,847,847,1,0.35,0.6987811054307417
EMD-only,848,848,1,0.5,0.8403473654287857
EMD-only,849,849,1,1.01,1.173721578212382
EMD-only,850,850,1,1.15,1.1264067512904927
EMD-only,851,851,1,1.1,0.8503257062356383
EMD-only,852,852,1,0.88,0.535060698512349
EMD-only,853,853,1,0.87,0.6780662177808912
EMD-only,854,854,1,0.92,0.6394688193236865
EMD-only,855,855,1,0.82,0.4894645395782574
EMD-only,856,856,1,0.83,0.36712767803602153
EMD-only,857,857,1,0.8,0.31887951836379685
EMD-only,858,858,1,0.65,0.17250708876177662
EMD-only,859,859,1,0.35,-0.06046428791282675
EMD-only,860,860,1,0.18,0.22256547196217702
EMD-only,861,861,1,0.78,0.6234033033167067
EMD-only,862,862,1,0.82,0.6979305277725524
EMD-only,863,863,1,0.73,0.7712374234068988
EMD-only,864,864,1,0.84,0.7751203840844454
EMD-only,865,865,1,0.67,1.0089676590051337
EMD-only,866,866,1,0.65,0.9388937701423198
EMD-only,867,867,1,0.66,0.9855281172926486
EMD-only,868,868,1,0.05,0.9717457772234636
EMD-only,869,869,1,-0.05,0.6325765905885549
EMD-only,870,870,1,0.08,0.471321103200517
EMD-only,871,871,1,-0.29,0.08643252930000794
EMD-only,872,872,1,-0.66,-0.6221580574831587
EMD-only,873,873,1,-0.9,-0.719505880848769
EMD-only,874,874,1,-0.89,-0.8588926293368134
EMD-only,875,875,1,-1.02,-1.2249015068033633
EMD-only,876,876,1,-1.12,-1.5239061535079403
EMD-only,877,877,1,-1.0,-1.0847031761269896
EMD-only,878,878,1,-0.64,-0.6369702926143571
EMD-only,879,879,1,-0.47,-0.46088150636564323
EMD-only,880,880,1,-0.25,-0.5385763407784657
EMD-only,881,881,1,-0.03,-0.234630799312236
EMD-only,882,882,1,-0.18,-0.056968105832262014
EMD-only,883,883,1,-0.36,-0.21989567287030803
EMD-only,884,884,1,-0.49,-0.023294238345054286
EMD-only,885,885,1,-0.74,-0.10560908200298105
EMD-only,886,886,1,-0.69,-0.7587199723700482
EMD-only,887,887,1,-0.89,-0.4534317615153251
EMD-only,888,888,1,-0.56,-0.6484708242339436
EMD-only,889,889,1,-0.55,-0.4708305564575784
EMD-only,890,890,1,-0.67,-0.05804813477605816
EMD-only,891,891,1,-0.74,-0.423135920717257
EMD-only,892,892,1,-0.78,-0.488419189640264
EMD-only,893,893,1,-0.52,-0.3964792086288046
EMD-only,894,894,1,-0.5,-0.5191163441114666
EMD-only,895,895,1,-0.8,-0.2517598241233484
EMD-only,896,896,1,-0.93,-0.4896070957577507
EMD-only,897,897,1,-0.83,-0.4884305706710602
EMD-only,898,898,1,-0.74,-0.23216265956774124
EMD-only,899,899,1,-0.63,-0.14930127829865672
EMD-only,900,900,1,-0.57,-0.02816838534615046
EMD-only,901,901,1,-0.47,0.066015224726713
EMD-only,902,902,1,-0.08,0.06314506550872442
EMD-only,903,903,1,0.25,0.22979119136715154
EMD-only,904,904,1,0.49,0.5006318010906133
EMD-only,905,905,1,0.86,0.7113582031611108
EMD-only,906,906,1,0.97,0.8897008966889633
EMD-only,907,907,1,1.2,0.683699828025023
EMD-only,908,908,1,1.41,1.1285334159985783
EMD-only,909,909,1,1.51,1.445667515411274
EMD-only,910,910,1,1.86,1.562180685850072
EMD-only,911,911,1,1.76,1.612443199748184
EMD-only,912,912,1,1.64,1.3192322035192454
EMD-only,913,913,1,1.39,1.1366222410181224
EMD-only,914,914,1,1.04,1.1092570377063438
EMD-only,915,915,1,0.98,1.138598040899374
EMD-only,916,916,1,0.5,1.1137067560725336
EMD-only,917,917,1,0.37,0.9383862114588261
EMD-only,918,918,1,0.4,0.7897091010643087
EMD-only,919,919,1,0.19,0.5511612398621669
EMD-only,920,920,1,-0.1,0.38494776962408617
EMD-only,921,921,1,-0.01,0.28212717027125483
EMD-only,922,922,1,-0.03,0.4709971408355268
EMD-only,923,923,1,-0.52,0.19652278413018998
EMD-only,924,924,1,-0.64,0.024204471626734392
EMD-only,925,925,1,-0.42,0.42813476725622013
EMD-only,926,926,1,0.04,0.4909349422896163
EMD-only,927,927,1,-0.05,0.5314792469258576
EMD-only,928,928,1,0.07,0.7415935436346168
EMD-only,929,929,1,0.15,0.856329332318215
EMD-only,930,930,1,0.14,0.6195136375357453
EMD-only,801,803,3,0.78,0.613503684688707
EMD-only,802,804,3,0.63,0.41069889296628126
EMD-only,803,805,3,0.67,0.6057972197601114
EMD-only,804,806,3,0.74,0.5921367833032696
EMD-only,805,807,3,1.07,0.5403293321968413
EMD-only,806,808,3,1.1,0.6457864950545525
EMD-only,807,809,3,1.23,0.679262432260747
EMD-only,808,810,3,1.35,0.7100997779414542
EMD-only,809,811,3,1.49,0.7481936920851869
EMD-only,810,812,3,1.67,0.9157530009587562
EMD-only,811,813,3,1.91,1.1838815755438739
EMD-only,812,814,3,2.21,1.2397304080783533
EMD-only,813,815,3,2.13,1.0173863972734714
EMD-only,814,816,3,2.13,0.8558147226448374
EMD-only,815,817,3,1.87,0.8861226536315745
EMD-only,816,818,3,1.5,1.1480494248765993
EMD-only,817,819,3,1.08,0.973446302977768
EMD-only,818,820,3,0.63,0.5857138309346376
EMD-only,819,821,3,0.37,0.3611570045405569
EMD-only,820,822,3,0.01,0.034636692830313925
EMD-only,821,823,3,-0.1,-0.2471941867677377
EMD-only,822,824,3,-0.21,-0.19772541093534787
EMD-only,823,825,3,-0.39,-0.3173793165236655
EMD-only,824,826,3,-0.37,-0.30254199924230496
EMD-only,825,827,3,-0.17,-0.3559760619758463
EMD-only,826,828,3,-0.23,-0.3160940589803565
EMD-only,827,829,3,0.22,-0.2124822712314454
EMD-only,828,830,3,0.18,0.22529229202664067
EMD-only,829,831,3,0.35,0.3783919178943608
EMD-only,830,832,3,0.4,0.45025152483321906
EMD-only,831,833,3,0.45,0.5514857396413659
EMD-only,832,834,3,0.38,0.22494506242929382
EMD-only,833,835,3,0.05,0.02275127993853518
EMD-only,834,836,3,-0.2,-0.1471740827768787
EMD-only,835,837,3,-0.12,-0.3742086198585157
EMD-only,836,838,3,-0.44,-0.3066172090500211
EMD-only,837,839,3,-0.65,-0.5016189543289404
EMD-only,838,840,3,-0.64,-0.16928045950964285
EMD-only,839,841,3,-0.48,-0.2299749230430509
EMD-only,840,842,3,-0.49,-0.41218228477019025
EMD-only,841,843,3,-0.11,-0.25230154318008635
EMD-only,842,844,3,0.18,-0.11366907724052468
EMD-only,843,845,3,0.31,0.16622372224745038
EMD-only,844,846,3,0.39,0.7122018864860026
EMD-only,845,847,3,0.35,0.9092909963046212
EMD-only,846,848,3,0.5,0.8039682192529058
EMD-only,847,849,3,1.01,1.029557987433903
EMD-only,848,850,3,1.15,1.2549570002203272
EMD-only,849,851,3,1.1,1.3745596607281203
EMD-only,850,852,3,0.88,1.1003067688988064
EMD-only,851,853,3,0.87,0.5962877231793384
EMD-only,852,854,3,0.92,0.3131900188050888
EMD-only,853,855,3,0.82,0.46164547089669206
EMD-only,854,856,3,0.83,0.4690682766338674
EMD-only,855,857,3,0.8,0.18594671679109773
EMD-only,856,858,3,0.65,-0.24201366254106266
EMD-only,857,859,3,0.35,-0.19904868260951153
EMD-only,858,860,3,0.18,-0.006259057135292484
EMD-only,859,861,3,0.78,0.3477264641173784
EMD-only,860,862,3,0.82,0.9198308724182842
EMD-only,861,863,3,0.73,1.335458957459256
EMD-only,862,864,3,0.84,1.050442036465778
EMD-only,863,865,3,0.67,1.0652327803625325
EMD-only,864,866,3,0.65,0.9312254811336604
EMD-only,865,867,3,0.66,1.2131848378915702
EMD-only,866,868,3,0.05,1.3838793738037785
EMD-only,867,869,3,-0.05,1.2963048002701894
EMD-only,868,870,3,0.08,0.8112121531529747
EMD-only,869,871,3,-0.29,0.25731821433796054
EMD-only,870,872,3,-0.66,-0.11287729656962812
EMD-only,871,873,3,-0.9,-0.17814080019751333
EMD-only,872,874,3,-0.89,-0.7396804498057858
EMD-only,873,875,3,-1.02,-0.8680406295144489
EMD-only,874,876,3,-1.12,-0.8200883546512349
EMD-only,875,877,3,-1.0,-0.5704013383590981
EMD-only,876,878,3,-0.64,-0.7333589273551574
EMD-only,877,879,3,-0.47,-0.3766489017577321
EMD-only,878,880,3,-0.25,0.006524845472216323
EMD-only,879,881,3,-0.03,0.21792179161303513
EMD-only,880,882,3,-0.18,0.02300940494328038
EMD-only,881,883,3,-0.36,0.02960018495063005
EMD-only,882,884,3,-0.49,0.17712695248810803
EMD-only,883,885,3,-0.74,-0.03954536545514964
EMD-only,884,886,3,-0.69,-0.08029958401840237
EMD-only,885,887,3,-0.89,-0.27969280077010217
EMD-only,886,888,3,-0.56,-0.4579488685954488
EMD-only,887,889,3,-0.55,-0.14316654077269125
EMD-only,888,890,3,-0.67,-0.45634295379611656
EMD-only,889,891,3,-0.74,-0.5129753942946848
EMD-only,890,892,3,-0.78,-0.11286298328851611
EMD-only,891,893,3,-0.52,-0.3030114770716184
EMD-only,892,894,3,-0.5,-0.26904349873880196
EMD-only,893,895,3,-0.8,-0.11588306351475261
EMD-only,894,896,3,-0.93,-0.09108073169006922
EMD-only,895,897,3,-0.83,0.016282129688042407
EMD-only,896,898,3,-0.74,0.0404255756810428
EMD-only,897,899,3,-0.63,-0.2887290313615142
EMD-only,898,900,3,-0.57,-0.1928454214352314
EMD-only,899,901,3,-0.47,0.10638943610556131
EMD-only,900,902,3,-0.08,0.1836566359899703
EMD-only,901,903,3,0.25,0.30073503451399797
EMD-only,902,904,3,0.49,0.5060345781220943
EMD-only,903,905,3,0.86,0.961396198999614
EMD-only,904,906,3,0.97,1.3245610726106185
EMD-only,905,907,3,1.2,0.905750314654729
EMD-only,906,908,3,1.41,0.9783200635499931
EMD-only,907,909,3,1.51,1.1812018112467928
EMD-only,908,910,3,1.86,1.4794173444972825
EMD-only,909,911,3,1.76,1.5000813047436636
EMD-only,910,912,3,1.64,1.2568588111828947
EMD-only,911,913,3,1.39,1.0546205426610256
EMD-only,912,914,3,1.04,0.7519686874480979
EMD-only,913,915,3,0.98,0.6275209812838907
EMD-only,914,916,3,0.5,0.6468017661240467
EMD-only,915,917,3,0.37,0.8248811599077662
EMD-only,916,918,3,0.4,0.6573258269456169
EMD-only,917,919,3,0.19,0.2916814866195122
EMD-only,918,920,3,-0.1,0.09663679045305854
EMD-only,919,921,3,-0.01,0.422849013205045
EMD-only,920,922,3,-0.03,0.14589325261562028
EMD-only,921,923,3,-0.52,-0.14078245175487758
EMD-only,922,924,3,-0.64,0.1688332896195717
EMD-only,923,925,3,-0.42,0.22585938952551357
EMD-only,924,926,3,0.04,0.2150876735992708
EMD-only,925,927,3,-0.05,0.4144084183211427
EMD-only,926,928,3,0.07,0.09272855788078402
EMD-only,927,929,3,0.15,0.09456706349818636
EMD-only,928,930,3,0.14,-0.06238755086137543
EMD-only,929,931,3,-0.15,-0.23682947164052248
EMD-only,930,932,3,-0.32,-0.22841295310910806
EMD-only,801,806,6,0.74,0.5875934467341983
EMD-only,802,807,6,1.07,0.5461428979541731
EMD-only,803,808,6,1.1,0.5291783664361298
EMD-only,804,809,6,1.23,0.7482343984163358
EMD-only,805,810,6,1.35,0.6929121850085389
EMD-only,806,811,6,1.49,0.6028780933201401
EMD-only,807,812,6,1.67,0.6051911051544827
EMD-only,808,813,6,1.91,0.7000188467130399
EMD-only,809,814,6,2.21,0.9549600078383991
EMD-only,810,815,6,2.13,1.1156237573908476
EMD-only,811,816,6,2.13,0.9385363513752922
EMD-only,812,817,6,1.87,0.7853655902288936
EMD-only,813,818,6,1.5,0.6976033328261362
EMD-only,814,819,6,1.08,0.6712371539922857
EMD-only,815,820,6,0.63,0.5049381773726176
EMD-only,816,821,6,0.37,0.4208644474948851
EMD-only,817,822,6,0.01,0.05666347671997127
EMD-only,818,823,6,-0.1,0.08866335834482869
EMD-only,819,824,6,-0.21,0.2925431882597874
EMD-only,820,825,6,-0.39,0.24388546390906451
EMD-only,821,826,6,-0.37,-0.03059188152372036
EMD-only,822,827,6,-0.17,-0.11588065836157396
EMD-only,823,828,6,-0.23,-0.06263253201452638
EMD-only,824,829,6,0.22,0.2840273442421682
EMD-only,825,830,6,0.18,0.4512025366835564
EMD-only,826,831,6,0.35,0.21792350545404204
EMD-only,827,832,6,0.4,-0.17817991200702732
EMD-only,828,833,6,0.45,0.009352428312167926
EMD-only,829,834,6,0.38,-0.10930723928546615
EMD-only,830,835,6,0.05,0.026355166144845704
EMD-only,831,836,6,-0.2,0.0008931150601745319
EMD-only,832,837,6,-0.12,-0.4907511428968285
EMD-only,833,838,6,-0.44,-0.37041848274648914
EMD-only,834,839,6,-0.65,-0.4389765608737044
EMD-only,835,840,6,-0.64,-0.33405316241243105
EMD-only,836,841,6,-0.48,-0.22324123089564252
EMD-only,837,842,6,-0.49,-0.06949327715671932
EMD-only,838,843,6,-0.11,0.23780846183169058
EMD-only,839,844,6,0.18,0.12518647440333586
EMD-only,840,845,6,0.31,-0.17362181803912305
EMD-only,841,846,6,0.39,-0.08342622210643155
EMD-only,842,847,6,0.35,0.3397085357435247
EMD-only,843,848,6,0.5,0.732462601989214
EMD-only,844,849,6,1.01,1.1016529043544554
EMD-only,845,850,6,1.15,1.3894333372967327
EMD-only,846,851,6,1.1,1.1230357161570714
EMD-only,847,852,6,0.88,0.993589408531278
EMD-only,848,853,6,0.87,0.9307808340053121
EMD-only,849,854,6,0.92,0.9099244055881326
EMD-only,850,855,6,0.82,0.6280890033305568
EMD-only,851,856,6,0.83,0.4284862703773437
EMD-only,852,857,6,0.8,0.4541353324805398
EMD-only,853,858,6,0.65,0.5419364257902806
EMD-only,854,859,6,0.35,0.3653503961938899
EMD-only,855,860,6,0.18,0.004774805935974014
EMD-only,856,861,6,0.78,-0.49225467569841397
EMD-only,857,862,6,0.82,-0.40803483621386283
EMD-only,858,863,6,0.73,0.2542728098423875
EMD-only,859,864,6,0.84,0.9427199373050354
EMD-only,860,865,6,0.67,1.1988948343423402
EMD-only,861,866,6,0.65,1.5083413735531908
EMD-only,862,867,6,0.66,1.2662720844058604
EMD-only,863,868,6,0.05,1.4285124215633038
EMD-only,864,869,6,-0.05,1.2171391393321433
EMD-only,865,870,6,0.08,1.1947098345911824
EMD-only,866,871,6,-0.29,1.0227035260121482
EMD-only,867,872,6,-0.66,0.7272955265379153
EMD-only,868,873,6,-0.9,-0.061186733935865115
EMD-only,869,874,6,-0.89,-0.33310120773570984
EMD-only,870,875,6,-1.02,-0.7700243252047723
EMD-only,871,876,6,-1.12,-0.930915876732654
EMD-only,872,877,6,-1.0,-1.155229689644291
EMD-only,873,878,6,-0.64,-0.9510981774265679
EMD-only,874,879,6,-0.47,-0.890490127568643
EMD-only,875,880,6,-0.25,-0.43959890738765905
EMD-only,876,881,6,-0.03,-0.5681708769232987
EMD-only,877,882,6,-0.18,-0.8198176574248817
EMD-only,878,883,6,-0.36,-0.4547661847052264
EMD-only,879,884,6,-0.49,0.1555762122555605
EMD-only,880,885,6,-0.74,-0.030746849605340104
EMD-only,881,886,6,-0.69,-0.14641269236871574
EMD-only,882,887,6,-0.89,-0.07226614545165194
EMD-only,883,888,6,-0.56,-0.35173299920244117
EMD-only,884,889,6,-0.55,-0.5786480888802895
EMD-only,885,890,6,-0.67,-0.8992009905776435
EMD-only,886,891,6,-0.74,-0.9666590493713938
EMD-only,887,892,6,-0.78,-0.562098999948553
EMD-only,888,893,6,-0.52,-0.5830627904294063
EMD-only,889,894,6,-0.5,-0.6038218860785722
EMD-only,890,895,6,-0.8,-0.2510063197463954
EMD-only,891,896,6,-0.93,-0.07704264169167792
EMD-only,892,897,6,-0.83,0.10197601123982947
EMD-only,893,898,6,-0.74,0.05271644078566412
EMD-only,894,899,6,-0.63,-0.20817713768901397
EMD-only,895,900,6,-0.57,-0.006723494355817622
EMD-only,896,901,6,-0.47,0.2177086487809367
EMD-only,897,902,6,-0.08,0.22091846521135017
EMD-only,898,903,6,0.25,0.40436656540750987
EMD-only,899,904,6,0.49,0.5776177437421302
EMD-only,900,905,6,0.86,0.6293510156707953
EMD-only,901,906,6,0.97,0.6118378330800354
EMD-only,902,907,6,1.2,0.740335113081255
EMD-only,903,908,6,1.41,1.048052283610492
EMD-only,904,909,6,1.51,1.2202969094617306
EMD-only,905,910,6,1.86,0.9231307346945608
EMD-only,906,911,6,1.76,0.9648921916400481
EMD-only,907,912,6,1.64,1.0129308389388376
EMD-only,908,913,6,1.39,0.9110680103848954
EMD-only,909,914,6,1.04,0.7731902020252495
EMD-only,910,915,6,0.98,0.49887063022595407
EMD-only,911,916,6,0.5,0.44729990357805266
EMD-only,912,917,6,0.37,0.4794127362793637
EMD-only,913,918,6,0.4,0.6421634187855709
EMD-only,914,919,6,0.19,0.584713492512587
EMD-only,915,920,6,-0.1,0.4883769825950182
EMD-only,916,921,6,-0.01,0.4452640007409783
EMD-only,917,922,6,-0.03,0.40876036890884165
EMD-only,918,923,6,-0.52,0.2589735893183719
EMD-only,919,924,6,-0.64,0.45162129291380354
EMD-only,920,925,6,-0.42,0.4674465936450855
EMD-only,921,926,6,0.04,0.22051658647424016
EMD-only,922,927,6,-0.05,0.33788355738874626
EMD-only,923,928,6,0.07,0.6306814216219669
EMD-only,924,929,6,0.15,0.2040249782193923
EMD-only,925,930,6,0.14,0.014612705522034503
EMD-only,926,931,6,-0.15,-0.0681210751099777
EMD-only,927,932,6,-0.32,-0.150372596286992
EMD-only,928,933,6,-0.42,-0.14821100693525258
EMD-only,929,934,6,-0.54,-0.013023173305996533
EMD-only,930,935,6,-0.39,0.016764961443341386
EMD-only,801,809,9,1.23,1.2348902507566504
EMD-only,802,810,9,1.35,1.2792837405280681
EMD-only,803,811,9,1.49,1.1050924841300607
EMD-only,804,812,9,1.67,0.9750153137169487
EMD-only,805,813,9,1.91,0.6983939048324539
EMD-only,806,814,9,2.21,0.7089650494852806
EMD-only,807,815,9,2.13,0.7433925780820452
EMD-only,808,816,9,2.13,1.034965667115299
EMD-only,809,817,9,1.87,0.9961561896616841
EMD-only,810,818,9,1.5,1.0331348347158498
EMD-only,811,819,9,1.08,0.8095747047740334
EMD-only,812,820,9,0.63,0.4867209793959779
EMD-only,813,821,9,0.37,0.2812673278425196
EMD-only,814,822,9,0.01,0.2534816680433227
EMD-only,815,823,9,-0.1,0.10597018277729206
EMD-only,816,824,9,-0.21,-0.08465239358544921
EMD-only,817,825,9,-0.39,-0.31980240879225674
EMD-only,818,826,9,-0.37,-0.0872757349941481
EMD-only,819,827,9,-0.17,0.033787411469324596
EMD-only,820,828,9,-0.23,0.11117563520665344
EMD-only,821,829,9,0.22,0.13126543438727864
EMD-only,822,830,9,0.18,0.09940620341657738
EMD-only,823,831,9,0.35,-0.12990205985872982
EMD-only,824,832,9,0.4,-0.14353067960167706
EMD-only,825,833,9,0.45,-0.13671272590908615
EMD-only,826,834,9,0.38,-0.38133431305810367
EMD-only,827,835,9,0.05,-0.4770259140267109
EMD-only,828,836,9,-0.2,-0.5011494231841936
EMD-only,829,837,9,-0.12,-0.6200212694837172
EMD-only,830,838,9,-0.44,-0.6212987710836803
EMD-only,831,839,9,-0.65,-0.3991446481665641
EMD-only,832,840,9,-0.64,-0.42436797295607154
EMD-only,833,841,9,-0.48,-0.2905877527696743
EMD-only,834,842,9,-0.49,0.0017920561751865183
EMD-only,835,843,9,-0.11,0.12530323760502807
EMD-only,836,844,9,0.18,0.1466055900346709
EMD-only,837,845,9,0.31,0.2710636128609033
EMD-only,838,846,9,0.39,0.6437232494792008
EMD-only,839,847,9,0.35,0.8988165215273659
EMD-only,840,848,9,0.5,0.6704528194997806
EMD-only,841,849,9,1.01,0.6948977799311028
EMD-only,842,850,9,1.15,0.7053070064237351
EMD-only,843,851,9,1.1,1.0014443678722906
EMD-only,844,852,9,0.88,1.164454879386428
EMD-only,845,853,9,0.87,1.432497010827166
EMD-only,846,854,9,0.92,0.9212511527226238
EMD-only,847,855,9,0.82,0.5996312472586526
EMD-only,848,856,9,0.83,0.615435714051447
EMD-only,849,857,9,0.8,0.3748225454481683
EMD-only,850,858,9,0.65,0.7011686856551644
EMD-only,851,859,9,0.35,0.7112755412463534
EMD-only,852,860,9,0.18,0.8320200245112356
EMD-only,853,861,9,0.78,0.7732803914094623
EMD-only,854,862,9,0.82,0.5181123879027458
EMD-only,855,863,9,0.73,0.3618193599953011
EMD-only,856,864,9,0.84,0.1900204157052733
EMD-only,857,865,9,0.67,0.21983780390818683
EMD-only,858,866,9,0.65,0.6155808485507375
EMD-only,859,867,9,0.66,1.1276597945815174
EMD-only,860,868,9,0.05,0.9894960796747655
EMD-only,861,869,9,-0.05,0.8052661623498736
EMD-only,862,870,9,0.08,0.6244435931936565
EMD-only,863,871,9,-0.29,0.9227167196597686
EMD-only,864,872,9,-0.66,0.47330752176906654
EMD-only,865,873,9,-0.9,0.24912348131691023
EMD-only,866,874,9,-0.89,0.0338998619973811
EMD-only,867,875,9,-1.02,-0.12480109676037776
EMD-only,868,876,9,-1.12,-0.475385090335706
EMD-only,869,877,9,-1.0,-0.5276807693359922
EMD-only,870,878,9,-0.64,-1.0041294387123598
EMD-only,871,879,9,-0.47,-0.9637803695435083
EMD-only,872,880,9,-0.25,-0.6515543232550087
EMD-only,873,881,9,-0.03,-0.4473226768017087
EMD-only,874,882,9,-0.18,-0.261445531494151
EMD-only,875,883,9,-0.36,-0.00101306773973725
EMD-only,876,884,9,-0.49,-0.3115149903781138
EMD-only,877,885,9,-0.74,-0.7809666398586805
EMD-only,878,886,9,-0.69,-0.7839847395969698
EMD-only,879,887,9,-0.89,-0.3098986354980056
EMD-only,880,888,9,-0.56,-0.30161015706317396
EMD-only,881,889,9,-0.55,-0.5391376275254964
EMD-only,882,890,9,-0.67,-0.6772682167857272
EMD-only,883,891,9,-0.74,-0.8710819578270065
EMD-only,884,892,9,-0.78,-1.0562166469772074
EMD-only,885,893,9,-0.52,-1.0200773616383545
EMD-only,886,894,9,-0.5,-0.9744682931422036
EMD-only,887,895,9,-0.8,-0.6851218217330317
EMD-only,888,896,9,-0.93,-0.372713407718552
EMD-only,889,897,9,-0.83,-0.4715390040207431
EMD-only,890,898,9,-0.74,-0.31425218463390525
EMD-only,891,899,9,-0.63,-0.22494602131220576
EMD-only,892,900,9,-0.57,0.12514759123390826
EMD-only,893,901,9,-0.47,0.6416926031799371
EMD-only,894,902,9,-0.08,0.6225079954161437
EMD-only,895,903,9,0.25,0.41003210430799963
EMD-only,896,904,9,0.49,0.7221322731397196
EMD-only,897,905,9,0.86,1.0152817896071415
EMD-only,898,906,9,0.97,1.2457961852769823
EMD-only,899,907,9,1.2,1.1995770748745016
EMD-only,900,908,9,1.41,1.1732369741219508
EMD-only,901,909,9,1.51,1.1152380304763863
EMD-only,902,910,9,1.86,1.193625942058189
EMD-only,903,911,9,1.76,1.1251391537189157
EMD-only,904,912,9,1.64,1.1013639496927186
EMD-only,905,913,9,1.39,0.8236484227874006
EMD-only,906,914,9,1.04,0.7166946320120106
EMD-only,907,915,9,0.98,0.572417556956051
EMD-only,908,916,9,0.5,0.3477020486311123
EMD-only,909,917,9,0.37,0.11969084765003887
EMD-only,910,918,9,0.4,0.058934105596546826
EMD-only,911,919,9,0.19,0.13407040371585197
EMD-only,912,920,9,-0.1,0.054988487755670695
EMD-only,913,921,9,-0.01,0.07089752117264964
EMD-only,914,922,9,-0.03,0.051246990148656746
EMD-only,915,923,9,-0.52,-0.14452576298128458
EMD-only,916,924,9,-0.64,-0.07137115145568514
EMD-only,917,925,9,-0.42,0.03980126217638352
EMD-only,918,926,9,0.04,-0.04645482963719294
EMD-only,919,927,9,-0.05,-0.004558130262881904
EMD-only,920,928,9,0.07,-0.17123087523284983
EMD-only,921,929,9,0.15,-0.3224378189781715
EMD-only,922,930,9,0.14,-0.2387473581761133
EMD-only,923,931,9,-0.15,0.10582924419322756
EMD-only,924,932,9,-0.32,-0.2990005627977813
EMD-only,925,933,9,-0.42,-0.3785379122300971
EMD-only,926,934,9,-0.54,-0.0993847598704749
EMD-only,927,935,9,-0.39,-0.3144533014758162
EMD-only,928,936,9,-0.4,-0.2613170923207071
EMD-only,929,937,9,-0.02,-0.12506510816314984
EMD-only,930,938,9,0.22,-0.0904113976519402
EMD-only,801,812,12,1.67,1.1122239411457966
EMD-only,802,813,12,1.91,1.205936953933606
EMD-only,803,814,12,2.21,1.100744282391825
EMD-only,804,815,12,2.13,0.6374414760023532
EMD-only,805,816,12,2.13,0.5576744352324281
EMD-only,806,817,12,1.87,0.7691201900926058
EMD-only,807,818,12,1.5,0.6815380846013147
EMD-only,808,819,12,1.08,0.7670233091839457
EMD-only,809,820,12,0.63,0.416955252434835
EMD-only,810,821,12,0.37,0.2608670122044995
EMD-only,811,822,12,0.01,0.26813333978405673
EMD-only,812,823,12,-0.1,0.05869987143336325
EMD-only,813,824,12,-0.21,0.06222611055306074
EMD-only,814,825,12,-0.39,0.18412959946521903
EMD-only,815,826,12,-0.37,0.010065590549099779
EMD-only,816,827,12,-0.17,-0.21935476789123326
EMD-only,817,828,12,-0.23,-0.16805199996228826
EMD-only,818,829,12,0.22,0.08761043805430077
EMD-only,819,830,12,0.18,0.4323562481185458
EMD-only,820,831,12,0.35,0.56951756276782
EMD-only,821,832,12,0.4,0.37719822607704767
EMD-only,822,833,12,0.45,0.23740958167039003
EMD-only,823,834,12,0.38,-0.1726432122333317
EMD-only,824,835,12,0.05,-0.4917774853942418
EMD-only,825,836,12,-0.2,-0.5360388211548364
EMD-only,826,837,12,-0.12,-0.755862911328491
EMD-only,827,838,12,-0.44,-0.8442404250451411
EMD-only,828,839,12,-0.65,-0.8889877699857532
EMD-only,829,840,12,-0.64,-0.9429275885044968
EMD-only,830,841,12,-0.48,-0.8608112088670129
EMD-only,831,842,12,-0.49,-0.6074267756427277
EMD-only,832,843,12,-0.11,-0.40742430173614497
EMD-only,833,844,12,0.18,-0.2548402961424314
EMD-only,834,845,12,0.31,0.0732842992482659
EMD-only,835,846,12,0.39,0.3737883870836314
EMD-only,836,847,12,0.35,0.42480305055034695
EMD-only,837,848,12,0.5,0.6082971814618126
EMD-only,838,849,12,1.01,1.1619117315221477
EMD-only,839,850,12,1.15,1.215325121082677
EMD-only,840,851,12,1.1,1.1469107370314071
EMD-only,841,852,12,0.88,0.8453321898899547
EMD-only,842,853,12,0.87,0.6314042189023117
EMD-only,843,854,12,0.92,0.6563795777625224
EMD-only,844,855,12,0.82,0.6273816779159083
EMD-only,845,856,12,0.83,0.7452107648366331
EMD-only,846,857,12,0.8,0.6666749149280307
EMD-only,847,858,12,0.65,0.43764854441038725
EMD-only,848,859,12,0.35,0.4257749805611404
EMD-only,849,860,12,0.18,0.40378366152272327
EMD-only,850,861,12,0.78,0.8276465269837994
EMD-only,851,862,12,0.82,1.1577501288289003
EMD-only,852,863,12,0.73,1.4165904369665145
EMD-only,853,864,12,0.84,1.1582045973295385
EMD-only,854,865,12,0.67,0.8993402581981117
EMD-only,855,866,12,0.65,0.8255230529533095
EMD-only,856,867,12,0.66,0.664743865546528
EMD-only,857,868,12,0.05,0.44949617775711903
EMD-only,858,869,12,-0.05,0.302201160880501
EMD-only,859,870,12,0.08,0.5317532977370438
EMD-only,860,871,12,-0.29,0.01700955383205835
EMD-only,861,872,12,-0.66,-0.46315513608788583
EMD-only,862,873,12,-0.9,-0.6105159952370739
EMD-only,863,874,12,-0.89,-0.34903088627947904
EMD-only,864,875,12,-1.02,-0.6643385743117375
EMD-only,865,876,12,-1.12,-1.0582224657688633
EMD-only,866,877,12,-1.0,-1.2725556947293732
EMD-only,867,878,12,-0.64,-0.966482821649455
EMD-only,868,879,12,-0.47,-0.8948121054126731
EMD-only,869,880,12,-0.25,-0.6256020700478211
EMD-only,870,881,12,-0.03,-0.9918233279266833
EMD-only,871,882,12,-0.18,-1.0167133414191616
EMD-only,872,883,12,-0.36,-0.7462785646876496
EMD-only,873,884,12,-0.49,-0.5560762525327042
EMD-only,874,885,12,-0.74,-0.6468607529972913
EMD-only,875,886,12,-0.69,-0.3887742847666943
EMD-only,876,887,12,-0.89,-0.6255634614290849
EMD-only,877,888,12,-0.56,-1.106264398116756
EMD-only,878,889,12,-0.55,-1.323351207901409
EMD-only,879,890,12,-0.67,-0.8320723489978231
EMD-only,880,891,12,-0.74,-0.4721944341677703
EMD-only,881,892,12,-0.78,-0.37644282888368324
EMD-only,882,893,12,-0.52,-0.7141812850838639
EMD-only,883,894,12,-0.5,-0.9027902186600748
EMD-only,884,895,12,-0.8,-0.8516876918722308
EMD-only,885,896,12,-0.93,-0.7958939086855941
EMD-only,886,897,12,-0.83,-0.8040887867981428
EMD-only,887,898,12,-0.74,-0.4750863257302006
EMD-only,888,899,12,-0.63,-0.08661386399587062
EMD-only,889,900,12,-0.57,-0.3305701906918917
EMD-only,890,901,12,-0.47,-0.35487322286444806
EMD-only,891,902,12,-0.08,-0.014342555134077561
EMD-only,892,903,12,0.25,0.4687399237198462
EMD-only,893,904,12,0.49,0.9008323001963191
EMD-only,894,905,12,0.86,1.1560449001098454
EMD-only,895,906,12,0.97,1.1425623640406581
EMD-only,896,907,12,1.2,1.1309573377123463
EMD-only,897,908,12,1.41,1.4176824335971305
EMD-only,898,909,12,1.51,1.9292443347712305
EMD-only,899,910,12,1.86,2.0863087899505945
EMD-only,900,911,12,1.76,1.8326703084810558
EMD-only,901,912,12,1.64,1.6280137069446134
EMD-only,902,913,12,1.39,1.1721669581318064
EMD-only,903,914,12,1.04,0.7908236231260988
EMD-only,904,915,12,0.98,0.6834206302489818
EMD-only,905,916,12,0.5,0.7046560773478168
EMD-only,906,917,12,0.37,0.719202249940951
EMD-only,907,918,12,0.4,0.4162928539932458
EMD-only,908,919,12,0.19,-0.07072276193604629
EMD-only,909,920,12,-0.1,-0.3645248032784204
EMD-only,910,921,12,-0.01,-0.15970520532819066
EMD-only,911,922,12,-0.03,0.2179219476252344
EMD-only,912,923,12,-0.52,0.28246142227341464
EMD-only,913,924,12,-0.64,0.10509161663994146
EMD-only,914,925,12,-0.42,-0.07051054705686025
EMD-only,915,926,12,0.04,-0.02831460122199511
EMD-only,916,927,12,-0.05,0.3823516815351501
EMD-only,917,928,12,0.07,-0.014299716795382583
EMD-only,918,929,12,0.15,-0.07473593790280204
EMD-only,919,930,12,0.14,0.17687857839183121
EMD-only,920,931,12,-0.15,0.006559936802778804
EMD-only,921,932,12,-0.32,0.1395507807036441
EMD-only,922,933,12,-0.42,-0.055100788232712625
EMD-only,923,934,12,-0.54,-0.10148791166957086
EMD-only,924,935,12,-0.39,0.01598741936452161
EMD-only,925,936,12,-0.4,-0.002207223524560792
EMD-only,926,937,12,-0.02,0.06778071574427905
EMD-only,927,938,12,0.22,0.16026960561012246
EMD-only,928,939,12,0.74,0.12005729352120867
EMD-only,929,940,12,1.09,0.40380557213472923
EMD-only,930,941,12,1.58,0.6395356180845126
Full HHSA,801,801,1,0.45,-0.03240569088853573
Full HHSA,802,802,1,0.84,0.4031104831741442
Full HHSA,803,803,1,0.78,0.3812119683214862
Full HHSA,804,804,1,0.63,0.2271447046943268
Full HHSA,805,805,1,0.67,-0.0091078827107339
Full HHSA,806,806,1,0.74,0.1204861394368642
Full HHSA,807,807,1,1.07,0.07914761088988403
Full HHSA,808,808,1,1.1,0.33957010001376864
Full HHSA,809,809,1,1.23,0.762214295161525
Full HHSA,810,810,1,1.35,1.1021578330158017
Full HHSA,811,811,1,1.49,1.1070051816595
Full HHSA,812,812,1,1.67,1.6532742798929765
Full HHSA,813,813,1,1.91,2.0638538765963736
Full HHSA,814,814,1,2.21,1.9135757463114755
Full HHSA,815,815,1,2.13,1.4320734475879742
Full HHSA,816,816,1,2.13,1.1445482908297673
Full HHSA,817,817,1,1.87,1.270718839361955
Full HHSA,818,818,1,1.5,1.3470762041498698
Full HHSA,819,819,1,1.08,0.7805683688340405
Full HHSA,820,820,1,0.63,0.3508142055402603
Full HHSA,821,821,1,0.37,0.17248992899053733
Full HHSA,822,822,1,0.01,-0.1930968136922743
Full HHSA,823,823,1,-0.1,-0.05968899930235631
Full HHSA,824,824,1,-0.21,-0.002292630327305395
Full HHSA,825,825,1,-0.39,-0.06322876455511744
Full HHSA,826,826,1,-0.37,0.050089258684554355
Full HHSA,827,827,1,-0.17,-0.0814735604813541
Full HHSA,828,828,1,-0.23,-0.20230397938137634
Full HHSA,829,829,1,0.22,-0.23032052614362666
Full HHSA,830,830,1,0.18,-0.21728803278757988
Full HHSA,831,831,1,0.35,-0.08469048823844785
Full HHSA,832,832,1,0.4,-0.07399068712666403
Full HHSA,833,833,1,0.45,0.10234179875241323
Full HHSA,834,834,1,0.38,0.23088390266115666
Full HHSA,835,835,1,0.05,0.01966904262939334
Full HHSA,836,836,1,-0.2,-0.10297804022708468
Full HHSA,837,837,1,-0.12,-0.18470848670144727
Full HHSA,838,838,1,-0.44,-0.13886659896095882
Full HHSA,839,839,1,-0.65,0.031787723026295844
Full HHSA,840,840,1,-0.64,0.2272781450747864
Full HHSA,841,841,1,-0.48,0.22936475561247283
Full HHSA,842,842,1,-0.49,0.27215363772935114
Full HHSA,843,843,1,-0.11,0.4211420943074333
Full HHSA,844,844,1,0.18,0.5035401396967963
Full HHSA,845,845,1,0.31,0.4321003506883454
Full HHSA,846,846,1,0.39,0.5239845293588854
Full HHSA,847,847,1,0.35,0.6407421713971899
Full HHSA,848,848,1,0.5,0.9069008985487236
Full HHSA,849,849,1,1.01,1.2614736486784874
Full HHSA,850,850,1,1.15,1.437088335591998
Full HHSA,851,851,1,1.1,1.6221331328831536
Full HHSA,852,852,1,0.88,1.743641252465821
Full HHSA,853,853,1,0.87,1.5456490769307165
Full HHSA,854,854,1,0.92,1.1482560365680787
Full HHSA,855,855,1,0.82,0.9483671107919814
Full HHSA,856,856,1,0.83,1.0541717017270251
Full HHSA,857,857,1,0.8,1.024094548759082
Full HHSA,858,858,1,0.65,1.0984594391322529
Full HHSA,859,859,1,0.35,0.8778633012852141
Full HHSA,860,860,1,0.18,0.5050025580415889
Full HHSA,861,861,1,0.78,0.4565649791978953
Full HHSA,862,862,1,0.82,0.4208090447628151
Full HHSA,863,863,1,0.73,0.4744677817655837
Full HHSA,864,864,1,0.84,0.5469647714874545
Full HHSA,865,865,1,0.67,0.5791007441039303
Full HHSA,866,866,1,0.65,0.5934561058399486
Full HHSA,867,867,1,0.66,0.5542160761554593
Full HHSA,868,868,1,0.05,0.6309611017908053
Full HHSA,869,869,1,-0.05,0.4216335078077045
Full HHSA,870,870,1,0.08,0.07793800141134405
Full HHSA,871,871,1,-0.29,-0.04241719328415207
Full HHSA,872,872,1,-0.66,0.0548024832036946
Full HHSA,873,873,1,-0.9,-0.39786434183423675
Full HHSA,874,874,1,-0.89,-0.9188279165986557
Full HHSA,875,875,1,-1.02,-1.304267169173369
Full HHSA,876,876,1,-1.12,-1.069816699620481
Full HHSA,877,877,1,-1.0,-0.7586220866826962
Full HHSA,878,878,1,-0.64,-0.6502567638185018
Full HHSA,879,879,1,-0.47,-0.40574120618333187
Full HHSA,880,880,1,-0.25,-0.20544688632577218
Full HHSA,881,881,1,-0.03,-0.24794806657112728
Full HHSA,882,882,1,-0.18,-0.338467271459002
Full HHSA,883,883,1,-0.36,-0.4682018912438298
Full HHSA,884,884,1,-0.49,-0.6384716623164872
Full HHSA,885,885,1,-0.74,-0.7568427639765078
Full HHSA,886,886,1,-0.69,-1.0734105468257853
Full HHSA,887,887,1,-0.89,-1.2288618408453154
Full HHSA,888,888,1,-0.56,-1.0700016193146582
Full HHSA,889,889,1,-0.55,-0.7284356228840825
Full HHSA,890,890,1,-0.67,-0.4592159939674172
Full HHSA,891,891,1,-0.74,-0.5052311336398909
Full HHSA,892,892,1,-0.78,-0.7147812091300488
Full HHSA,893,893,1,-0.52,-0.656597056672539
Full HHSA,894,894,1,-0.5,-0.5471524768336917
Full HHSA,895,895,1,-0.8,-0.7068377789845526
Full HHSA,896,896,1,-0.93,-0.7625745686956491
Full HHSA,897,897,1,-0.83,-0.7697559109030229
Full HHSA,898,898,1,-0.74,-0.5374474572160385
Full HHSA,899,899,1,-0.63,-0.4361931391421459
Full HHSA,900,900,1,-0.57,-0.3108182702339383
Full HHSA,901,901,1,-0.47,-0.1909367999172045
Full HHSA,902,902,1,-0.08,-0.09145522075552219
Full HHSA,903,903,1,0.25,-0.004879179110229531
Full HHSA,904,904,1,0.49,0.4692468000565986
Full HHSA,905,905,1,0.86,0.6848700450210009
Full HHSA,906,906,1,0.97,1.036875446343244
Full HHSA,907,907,1,1.2,1.225353344807838
Full HHSA,908,908,1,1.41,1.289872673066779
Full HHSA,909,909,1,1.51,1.190466427065338
Full HHSA,910,910,1,1.86,1.233647381281894
Full HHSA,911,911,1,1.76,1.1759141470290317
Full HHSA,912,912,1,1.64,1.1652532972745853
Full HHSA,913,913,1,1.39,1.313424172361283
Full HHSA,914,914,1,1.04,1.224016117801804
Full HHSA,915,915,1,0.98,1.0037662632561233
Full HHSA,916,916,1,0.5,0.6625499026786129
Full HHSA,917,917,1,0.37,0.3723970511821517
Full HHSA,918,918,1,0.4,0.34506713788834587
Full HHSA,919,919,1,0.19,0.36516630294961605
Full HHSA,920,920,1,-0.1,0.3231570655548017
Full HHSA,921,921,1,-0.01,0.22329557832151165
Full HHSA,922,922,1,-0.03,0.17124335321817086
Full HHSA,923,923,1,-0.52,-0.002909003575592123
Full HHSA,924,924,1,-0.64,-0.47697221062295114
Full HHSA,925,925,1,-0.42,-0.3803393189089471
Full HHSA,926,926,1,0.04,-0.06037165161564817
Full HHSA,927,927,1,-0.05,0.303547549492904
Full HHSA,928,928,1,0.07,0.4505509425600166
Full HHSA,929,929,1,0.15,0.5165361299405025
Full HHSA,930,930,1,0.14,0.196774401958336
Full HHSA,801,803,3,0.78,-0.029257716744292117
Full HHSA,802,804,3,0.63,0.235498544995372
Full HHSA,803,805,3,0.67,0.4707363040049388
Full HHSA,804,806,3,0.74,0.6616798033648672
Full HHSA,805,807,3,1.07,1.1470689651204269
Full HHSA,806,808,3,1.1,1.4187908800933549
Full HHSA,807,809,3,1.23,1.0645207388040039
Full HHSA,808,810,3,1.35,1.05682522972021
Full HHSA,809,811,3,1.49,1.0797283349247488
Full HHSA,810,812,3,1.67,1.1912612205537454
Full HHSA,811,813,3,1.91,1.3272449011727068
Full HHSA,812,814,3,2.21,1.630825529293347
Full HHSA,813,815,3,2.13,1.3959366344224884
Full HHSA,814,816,3,2.13,1.257620595810967
Full HHSA,815,817,3,1.87,0.8966809072913566
Full HHSA,816,818,3,1.5,0.4898220041247534
Full HHSA,817,819,3,1.08,0.1672255414833069
Full HHSA,818,820,3,0.63,0.20727423456508035
Full HHSA,819,821,3,0.37,0.03914641453524437
Full HHSA,820,822,3,0.01,-0.29436568098165056
Full HHSA,821,823,3,-0.1,-0.5869709933787486
Full HHSA,822,824,3,-0.21,-0.568673539786346
Full HHSA,823,825,3,-0.39,-0.4867327222929154
Full HHSA,824,826,3,-0.37,-0.4276539476744138
Full HHSA,825,827,3,-0.17,-0.2056952330576755
Full HHSA,826,828,3,-0.23,-0.015554826388843479
Full HHSA,827,829,3,0.22,-0.30412782464476773
Full HHSA,828,830,3,0.18,-0.20702589330056134
Full HHSA,829,831,3,0.35,-0.14820035110691865
Full HHSA,830,832,3,0.4,-0.3198111606553128
Full HHSA,831,833,3,0.45,-0.3576550672801162
Full HHSA,832,834,3,0.38,-0.34571298660640404
Full HHSA,833,835,3,0.05,-0.31593338798219484
Full HHSA,834,836,3,-0.2,-0.4467336397503049
Full HHSA,835,837,3,-0.12,-0.35648040633947353
Full HHSA,836,838,3,-0.44,-0.33749996847450336
Full HHSA,837,839,3,-0.65,-0.5316272562133869
Full HHSA,838,840,3,-0.64,-0.5185378489900445
Full HHSA,839,841,3,-0.48,-0.4436616076148471
Full HHSA,840,842,3,-0.49,-0.335380763510849
Full HHSA,841,843,3,-0.11,-0.31858980484388183
Full HHSA,842,844,3,0.18,-0.020986959543214306
Full HHSA,843,845,3,0.31,0.0796947913289249
Full HHSA,844,846,3,0.39,-0.007196775843699876
Full HHSA,845,847,3,0.35,0.14488387914806575
Full HHSA,846,848,3,0.5,0.28524987559934334
Full HHSA,847,849,3,1.01,0.4523103401200831
Full HHSA,848,850,3,1.15,0.46204107408298223
Full HHSA,849,851,3,1.1,0.723502752045454
Full HHSA,850,852,3,0.88,0.8709773467897428
Full HHSA,851,853,3,0.87,0.8357429964928623
Full HHSA,852,854,3,0.92,0.6821387832891505
Full HHSA,853,855,3,0.82,0.5341071191781258
Full HHSA,854,856,3,0.83,0.23832996822472943
Full HHSA,855,857,3,0.8,0.13059717037738341
Full HHSA,856,858,3,0.65,0.20790943059121916
Full HHSA,857,859,3,0.35,0.17496522736065637
Full HHSA,858,860,3,0.18,0.2587288677097771
Full HHSA,859,861,3,0.78,0.3860885313979936
Full HHSA,860,862,3,0.82,0.4003761016161502
Full HHSA,861,863,3,0.73,0.058947314854327
Full HHSA,862,864,3,0.84,-0.4190945613926407
Full HHSA,863,865,3,0.67,-0.3553916250855028
Full HHSA,864,866,3,0.65,-0.06808958213597403
Full HHSA,865,867,3,0.66,-0.06395968145783602
Full HHSA,866,868,3,0.05,0.0043489837708268475
Full HHSA,867,869,3,-0.05,-0.08176450858110199
Full HHSA,868,870,3,0.08,-0.15402620993385355
Full HHSA,869,871,3,-0.29,-0.6178173953021346
Full HHSA,870,872,3,-0.66,-0.8552497248851616
Full HHSA,871,873,3,-0.9,-0.9622980916699511
Full HHSA,872,874,3,-0.89,-1.1564590752581192
Full HHSA,873,875,3,-1.02,-1.2499654435695893
Full HHSA,874,876,3,-1.12,-1.2801493261200223
Full HHSA,875,877,3,-1.0,-1.2111464998900223
Full HHSA,876,878,3,-0.64,-0.8823405692348011
Full HHSA,877,879,3,-0.47,-0.7178028646868461
Full HHSA,878,880,3,-0.25,-0.3419519511102567
Full HHSA,879,881,3,-0.03,-0.023135762958550993
Full HHSA,880,882,3,-0.18,0.04428298285233162
Full HHSA,881,883,3,-0.36,-0.26708989048579057
Full HHSA,882,884,3,-0.49,-0.4179793182393302
Full HHSA,883,885,3,-0.74,-0.46623455755274834
Full HHSA,884,886,3,-0.69,-0.9170657378091601
Full HHSA,885,887,3,-0.89,-0.8841402434506681
Full HHSA,886,888,3,-0.56,-0.6567847730080483
Full HHSA,887,889,3,-0.55,-0.8197785427980296
Full HHSA,888,890,3,-0.67,-0.9285691981438574
Full HHSA,889,891,3,-0.74,-0.800780710320597
Full HHSA,890,892,3,-0.78,-0.7799485248443563
Full HHSA,891,893,3,-0.52,-0.777001181708709
Full HHSA,892,894,3,-0.5,-0.8499403811284785
Full HHSA,893,895,3,-0.8,-0.785337033415091
Full HHSA,894,896,3,-0.93,-0.5729009496920596
Full HHSA,895,897,3,-0.83,-0.32758753535971014
Full HHSA,896,898,3,-0.74,-0.5140391935718998
Full HHSA,897,899,3,-0.63,-0.4145060945531974
Full HHSA,898,900,3,-0.57,0.06658506278054696
Full HHSA,899,901,3,-0.47,0.48177546623936696
Full HHSA,900,902,3,-0.08,0.26122892081067417
Full HHSA,901,903,3,0.25,0.048242239621162836
Full HHSA,902,904,3,0.49,0.1547518041433518
Full HHSA,903,905,3,0.86,0.5779920808354717
Full HHSA,904,906,3,0.97,0.6915554202498695
Full HHSA,905,907,3,1.2,0.6524368695564087
Full HHSA,906,908,3,1.41,0.7376691894956813
Full HHSA,907,909,3,1.51,0.8156952141629944
Full HHSA,908,910,3,1.86,0.9843721075599325
Full HHSA,909,911,3,1.76,0.668993713305928
Full HHSA,910,912,3,1.64,0.41573478237085526
Full HHSA,911,913,3,1.39,0.24347864098325092
Full HHSA,912,914,3,1.04,0.11528737124474761
Full HHSA,913,915,3,0.98,0.24569613931256654
Full HHSA,914,916,3,0.5,0.2817389249315141
Full HHSA,915,917,3,0.37,0.29454922317317234
Full HHSA,916,918,3,0.4,0.2569141733841013
Full HHSA,917,919,3,0.19,0.1764625114246354
Full HHSA,918,920,3,-0.1,0.05913469072419297
Full HHSA,919,921,3,-0.01,-0.048807957936740407
Full HHSA,920,922,3,-0.03,-0.19671406883943052
Full HHSA,921,923,3,-0.52,-0.19085286857765119
Full HHSA,922,924,3,-0.64,-0.22907997851500367
Full HHSA,923,925,3,-0.42,-0.17705420293377405
Full HHSA,924,926,3,0.04,0.02929397350609958
Full HHSA,925,927,3,-0.05,0.023689882182813676
Full HHSA,926,928,3,0.07,-0.22746293116369543
Full HHSA,927,929,3,0.15,-0.09163285325592678
Full HHSA,928,930,3,0.14,-0.09368921673074843
Full HHSA,929,931,3,-0.15,-0.20620562964201983
Full HHSA,930,932,3,-0.32,-0.19885032604539743
Full HHSA,801,806,6,0.74,0.484088155333723
Full HHSA,802,807,6,1.07,0.6913805745972972
Full HHSA,803,808,6,1.1,0.7580665543528993
Full HHSA,804,809,6,1.23,0.9111200566857216
Full HHSA,805,810,6,1.35,0.9684173786097634
Full HHSA,806,811,6,1.49,1.2420200104060815
Full HHSA,807,812,6,1.67,1.1645539958192415
Full HHSA,808,813,6,1.91,0.9044617530973367
Full HHSA,809,814,6,2.21,0.8258151976292765
Full HHSA,810,815,6,2.13,1.018298765394853
Full HHSA,811,816,6,2.13,1.0961725790959767
Full HHSA,812,817,6,1.87,0.9860867001030023
Full HHSA,813,818,6,1.5,0.7686269166818382
Full HHSA,814,819,6,1.08,0.4804787576259984
Full HHSA,815,820,6,0.63,0.08941847152600141
Full HHSA,816,821,6,0.37,-0.3271014246076306
Full HHSA,817,822,6,0.01,-0.5659802490051604
Full HHSA,818,823,6,-0.1,-0.5242957569629323
Full HHSA,819,824,6,-0.21,-0.38811380529918144
Full HHSA,820,825,6,-0.39,-0.4291083083091485
Full HHSA,821,826,6,-0.37,-0.8064401233815248
Full HHSA,822,827,6,-0.17,-0.7193279145560649
Full HHSA,823,828,6,-0.23,-0.5720878249706257
Full HHSA,824,829,6,0.22,-0.4231247951728173
Full HHSA,825,830,6,0.18,-0.2665937339791852
Full HHSA,826,831,6,0.35,0.048837908917087974
Full HHSA,827,832,6,0.4,0.20835299484302439
Full HHSA,828,833,6,0.45,0.10832329620795428
Full HHSA,829,834,6,0.38,0.2870498293351425
Full HHSA,830,835,6,0.05,0.2463552773746741
Full HHSA,831,836,6,-0.2,-0.13547427640259935
Full HHSA,832,837,6,-0.12,-0.29362436469599484
Full HHSA,833,838,6,-0.44,-0.17131118098293766
Full HHSA,834,839,6,-0.65,-0.164818686614598
Full HHSA,835,840,6,-0.64,-0.17849785614312316
Full HHSA,836,841,6,-0.48,-0.47096497729052755
Full HHSA,837,842,6,-0.49,-0.5220128551065293
Full HHSA,838,843,6,-0.11,-0.4916304072709738
Full HHSA,839,844,6,0.18,-0.1394557742338882
Full HHSA,840,845,6,0.31,0.36850697341165856
Full HHSA,841,846,6,0.39,0.5833375791846318
Full HHSA,842,847,6,0.35,0.6374661738631231
Full HHSA,843,848,6,0.5,0.6046690515971289
Full HHSA,844,849,6,1.01,0.7759377872169158
Full HHSA,845,850,6,1.15,0.8732574773826054
Full HHSA,846,851,6,1.1,0.7169847920524979
Full HHSA,847,852,6,0.88,0.7516120177758987
Full HHSA,848,853,6,0.87,0.8074573451071105
Full HHSA,849,854,6,0.92,0.6473052221790832
Full HHSA,850,855,6,0.82,0.6076088281373471
Full HHSA,851,856,6,0.83,0.6070933135040357
Full HHSA,852,857,6,0.8,0.5212078598472869
Full HHSA,853,858,6,0.65,0.3453433651734716
Full HHSA,854,859,6,0.35,0.18609116166681883
Full HHSA,855,860,6,0.18,0.026909980595291927
Full HHSA,856,861,6,0.78,-0.015472806680008222
Full HHSA,857,862,6,0.82,-0.028630756584904438
Full HHSA,858,863,6,0.73,-0.016869397146152293
Full HHSA,859,864,6,0.84,0.0016247124148491277
Full HHSA,860,865,6,0.67,-0.1050267292704618
Full HHSA,861,866,6,0.65,-0.1326139610440756
Full HHSA,862,867,6,0.66,-0.2414752967256693
Full HHSA,863,868,6,0.05,-0.37385042377571753
Full HHSA,864,869,6,-0.05,-0.3487563307596849
Full HHSA,865,870,6,0.08,-0.1733181888448504
Full HHSA,866,871,6,-0.29,-0.1958856504471727
Full HHSA,867,872,6,-0.66,-0.4478504551645799
Full HHSA,868,873,6,-0.9,-0.44826112610361213
Full HHSA,869,874,6,-0.89,-0.4737115242070924
Full HHSA,870,875,6,-1.02,-0.5786065578762346
Full HHSA,871,876,6,-1.12,-0.7888607562757923
Full HHSA,872,877,6,-1.0,-0.8026845718850624
Full HHSA,873,878,6,-0.64,-0.6331109639595036
Full HHSA,874,879,6,-0.47,-0.30498698231390076
Full HHSA,875,880,6,-0.25,-0.20989255869100798
Full HHSA,876,881,6,-0.03,-0.1763818073046067
Full HHSA,877,882,6,-0.18,-0.09587577016423707
Full HHSA,878,883,6,-0.36,0.18981936455529197
Full HHSA,879,884,6,-0.49,0.545866716777208
Full HHSA,880,885,6,-0.74,0.6429631115232239
Full HHSA,881,886,6,-0.69,0.4641181045796811
Full HHSA,882,887,6,-0.89,0.1007403092324789
Full HHSA,883,888,6,-0.56,-0.19293942334675032
Full HHSA,884,889,6,-0.55,-0.43874367797756253
Full HHSA,885,890,6,-0.67,-0.22899134199828108
Full HHSA,886,891,6,-0.74,-0.07523397751056674
Full HHSA,887,892,6,-0.78,-0.021695697454604757
Full HHSA,888,893,6,-0.52,-0.12491694053512609
Full HHSA,889,894,6,-0.5,-0.10384998803429346
Full HHSA,890,895,6,-0.8,-0.26557944965994223
Full HHSA,891,896,6,-0.93,-0.3818553701705826
Full HHSA,892,897,6,-0.83,-0.40886695848021387
Full HHSA,893,898,6,-0.74,-0.567129995088693
Full HHSA,894,899,6,-0.63,-0.6627163402000402
Full HHSA,895,900,6,-0.57,-0.45212474657445584
Full HHSA,896,901,6,-0.47,-0.45097698867728747
Full HHSA,897,902,6,-0.08,-0.4479176337727347
Full HHSA,898,903,6,0.25,0.09407964191141643
Full HHSA,899,904,6,0.49,0.3987407049071621
Full HHSA,900,905,6,0.86,0.3281536825951477
Full HHSA,901,906,6,0.97,0.22563687327309828
Full HHSA,902,907,6,1.2,0.31725466585548445
Full HHSA,903,908,6,1.41,0.5633216675984527
Full HHSA,904,909,6,1.51,0.5469239017400014
Full HHSA,905,910,6,1.86,0.3980069757748858
Full HHSA,906,911,6,1.76,0.6191721200322926
Full HHSA,907,912,6,1.64,0.7193640767656517
Full HHSA,908,913,6,1.39,0.5907186106074105
Full HHSA,909,914,6,1.04,0.22553498976740616
Full HHSA,910,915,6,0.98,0.07681774398614816
Full HHSA,911,916,6,0.5,-0.06558197334957114
Full HHSA,912,917,6,0.37,-0.22449494808054987
Full HHSA,913,918,6,0.4,-0.20164732616716383
Full HHSA,914,919,6,0.19,-0.22215876282958283
Full HHSA,915,920,6,-0.1,-0.28047964727590124
Full HHSA,916,921,6,-0.01,-0.13685723674666797
Full HHSA,917,922,6,-0.03,0.1036147186232298
Full HHSA,918,923,6,-0.52,0.031057536169921574
Full HHSA,919,924,6,-0.64,-0.1015582277030894
Full HHSA,920,925,6,-0.42,0.07010924973754373
Full HHSA,921,926,6,0.04,0.18048664103344825
Full HHSA,922,927,6,-0.05,0.023476382744093305
Full HHSA,923,928,6,0.07,0.027772809295492112
Full HHSA,924,929,6,0.15,-0.03692076472249531
Full HHSA,925,930,6,0.14,-0.09206428435805807
Full HHSA,926,931,6,-0.15,-0.29532963214068103
Full HHSA,927,932,6,-0.32,-0.2185788123710099
Full HHSA,928,933,6,-0.42,-0.18694275504397517
Full HHSA,929,934,6,-0.54,0.009031987897636873
Full HHSA,930,935,6,-0.39,-0.22593203127564748
Full HHSA,801,809,9,1.23,0.46295372552494596
Full HHSA,802,810,9,1.35,0.508629442821897
Full HHSA,803,811,9,1.49,0.6933310693532474
Full HHSA,804,812,9,1.67,0.8920391025842344
Full HHSA,805,813,9,1.91,1.138004889822485
Full HHSA,806,814,9,2.21,1.2074123944649264
Full HHSA,807,815,9,2.13,0.9702080315587692
Full HHSA,808,816,9,2.13,0.7772171315770707
Full HHSA,809,817,9,1.87,0.6149230173783599
Full HHSA,810,818,9,1.5,0.6920317489941092
Full HHSA,811,819,9,1.08,0.8684293501205275
Full HHSA,812,820,9,0.63,0.42453398234453243
Full HHSA,813,821,9,0.37,-0.17948831493689132
Full HHSA,814,822,9,0.01,-0.38200791203822526
Full HHSA,815,823,9,-0.1,-0.6936989349678826
Full HHSA,816,824,9,-0.21,-0.7127882733722818
Full HHSA,817,825,9,-0.39,-0.7988538264670696
Full HHSA,818,826,9,-0.37,-0.7609828648306868
Full HHSA,819,827,9,-0.17,-0.6718940002292237
Full HHSA,820,828,9,-0.23,-0.9601414951894163
Full HHSA,821,829,9,0.22,-0.7740199709455914
Full HHSA,822,830,9,0.18,-0.40357155956762547
Full HHSA,823,831,9,0.35,-0.4212537646753428
Full HHSA,824,832,9,0.4,-0.31947634201166875
Full HHSA,825,833,9,0.45,-0.05408629399892781
Full HHSA,826,834,9,0.38,-0.07198214296388211
Full HHSA,827,835,9,0.05,-0.057877237154315406
Full HHSA,828,836,9,-0.2,-0.12686115863375205
Full HHSA,829,837,9,-0.12,-0.13673648803952385
Full HHSA,830,838,9,-0.44,-0.4352442268971207
Full HHSA,831,839,9,-0.65,-0.4956997905724442
Full HHSA,832,840,9,-0.64,-0.33334291431545826
Full HHSA,833,841,9,-0.48,-0.4824423989081752
Full HHSA,834,842,9,-0.49,-0.3473420775403889
Full HHSA,835,843,9,-0.11,-0.43153035607930523
Full HHSA,836,844,9,0.18,-0.40237000403325274
Full HHSA,837,845,9,0.31,-0.3345159817938229
Full HHSA,838,846,9,0.39,-0.10234853354846972
Full HHSA,839,847,9,0.35,0.023576232175358924
Full HHSA,840,848,9,0.5,0.41122767514223424
Full HHSA,841,849,9,1.01,0.3240909711415445
Full HHSA,842,850,9,1.15,0.22820282467024625
Full HHSA,843,851,9,1.1,0.15425553850716453
Full HHSA,844,852,9,0.88,0.3018647223466677
Full HHSA,845,853,9,0.87,0.02397267991292179
Full HHSA,846,854,9,0.92,-0.0644428507135918
Full HHSA,847,855,9,0.82,0.05410451883637665
Full HHSA,848,856,9,0.83,-0.2564912818842403
Full HHSA,849,857,9,0.8,-0.7940024209477243
Full HHSA,850,858,9,0.65,-0.6938791384849566
Full HHSA,851,859,9,0.35,-0.5955291822992778
Full HHSA,852,860,9,0.18,-0.5318060606835979
Full HHSA,853,861,9,0.78,-0.40455459625378154
Full HHSA,854,862,9,0.82,-0.3186567914329758
Full HHSA,855,863,9,0.73,-0.45392530275003107
Full HHSA,856,864,9,0.84,-0.46403555924092954
Full HHSA,857,865,9,0.67,-0.31734479499310225
Full HHSA,858,866,9,0.65,-0.13748450930549588
Full HHSA,859,867,9,0.66,0.060602754830629435
Full HHSA,860,868,9,0.05,0.06560207740357302
Full HHSA,861,869,9,-0.05,-0.3513994613126268
Full HHSA,862,870,9,0.08,-0.662926931883528
Full HHSA,863,871,9,-0.29,-0.5072915584783461
Full HHSA,864,872,9,-0.66,-0.5108351193055152
Full HHSA,865,873,9,-0.9,-0.7397597047799933
Full HHSA,866,874,9,-0.89,-0.8550032106810185
Full HHSA,867,875,9,-1.02,-0.8225423296344391
Full HHSA,868,876,9,-1.12,-0.9361629438611092
Full HHSA,869,877,9,-1.0,-0.8812998505853337
Full HHSA,870,878,9,-0.64,-0.6828996650293482
Full HHSA,871,879,9,-0.47,-0.5763334001507247
Full HHSA,872,880,9,-0.25,-0.4824454464676551
Full HHSA,873,881,9,-0.03,-0.4055386046255689
Full HHSA,874,882,9,-0.18,-0.2981679165468304
Full HHSA,875,883,9,-0.36,-0.12125409086597055
Full HHSA,876,884,9,-0.49,-0.26573168098126265
Full HHSA,877,885,9,-0.74,-0.41095058441910626
Full HHSA,878,886,9,-0.69,-0.1515384844335366
Full HHSA,879,887,9,-0.89,0.17248489096035077
Full HHSA,880,888,9,-0.56,0.4012354342880078
Full HHSA,881,889,9,-0.55,0.24258655456752096
Full HHSA,882,890,9,-0.67,-0.27389525364494594
Full HHSA,883,891,9,-0.74,-0.5733210863586945
Full HHSA,884,892,9,-0.78,-0.5400574163105618
Full HHSA,885,893,9,-0.52,-0.5109463552265325
Full HHSA,886,894,9,-0.5,-0.3673775064931911
Full HHSA,887,895,9,-0.8,0.17096579297842815
Full HHSA,888,896,9,-0.93,0.08849331251047596
Full HHSA,889,897,9,-0.83,-0.2583218492785173
Full HHSA,890,898,9,-0.74,-0.5996679005756068
Full HHSA,891,899,9,-0.63,-0.7566233530784133
Full HHSA,892,900,9,-0.57,-0.6139576861393481
Full HHSA,893,901,9,-0.47,-0.4793431413359096
Full HHSA,894,902,9,-0.08,-0.2850824469880052
Full HHSA,895,903,9,0.25,0.06643525366486824
Full HHSA,896,904,9,0.49,0.061347684369592814
Full HHSA,897,905,9,0.86,0.010869322504975298
Full HHSA,898,906,9,0.97,0.5197410655233599
Full HHSA,899,907,9,1.2,0.5842156313884855
Full HHSA,900,908,9,1.41,0.2933155671574804
Full HHSA,901,909,9,1.51,0.20686096438618604
Full HHSA,902,910,9,1.86,0.36357607928160085
Full HHSA,903,911,9,1.76,0.2768451423670286
Full HHSA,904,912,9,1.64,-0.01873904286839098
Full HHSA,905,913,9,1.39,-0.37405276594245185
Full HHSA,906,914,9,1.04,-0.2918812430150248
Full HHSA,907,915,9,0.98,0.1668865241957221
Full HHSA,908,916,9,0.5,0.2317772585999728
Full HHSA,909,917,9,0.37,-0.006934254971594861
Full HHSA,910,918,9,0.4,-0.0031349199857552967
Full HHSA,911,919,9,0.19,0.0746390629471923
Full HHSA,912,920,9,-0.1,-0.20993924217140045
Full HHSA,913,921,9,-0.01,-0.5261579612816591
Full HHSA,914,922,9,-0.03,-0.1331109964466263
Full HHSA,915,923,9,-0.52,0.04370430251959803
Full HHSA,916,924,9,-0.64,-0.08642743135427497
Full HHSA,917,925,9,-0.42,-0.10109285070768179
Full HHSA,918,926,9,0.04,-0.10409485138176179
Full HHSA,919,927,9,-0.05,0.10824242545851528
Full HHSA,920,928,9,0.07,0.18028840993011555
Full HHSA,921,929,9,0.15,0.1349935934006268
Full HHSA,922,930,9,0.14,0.06437327050399574
Full HHSA,923,931,9,-0.15,-0.010552414754729122
Full HHSA,924,932,9,-0.32,0.06679371732775374
Full HHSA,925,933,9,-0.42,0.04839674910317143
Full HHSA,926,934,9,-0.54,-0.18406811223852912
Full HHSA,927,935,9,-0.39,-0.11275613688442251
Full HHSA,928,936,9,-0.4,0.2642335903910966
Full HHSA,929,937,9,-0.02,0.22918091459318854
Full HHSA,930,938,9,0.22,0.03558781244150322
Full HHSA,801,812,12,1.67,0.6095742697543332
Full HHSA,802,813,12,1.91,0.5436095451348667
Full HHSA,803,814,12,2.21,0.6878673359460316
Full HHSA,804,815,12,2.13,0.7246742485909375
Full HHSA,805,816,12,2.13,0.7667684216208933
Full HHSA,806,817,12,1.87,0.9292594639398767
Full HHSA,807,818,12,1.5,0.7428877982177992
Full HHSA,808,819,12,1.08,0.34578627154313957
Full HHSA,809,820,12,0.63,-0.30939719546346667
Full HHSA,810,821,12,0.37,-0.46133871984782515
Full HHSA,811,822,12,0.01,-0.21821423991764352
Full HHSA,812,823,12,-0.1,-0.6679056307812201
Full HHSA,813,824,12,-0.21,-0.8497354386726579
Full HHSA,814,825,12,-0.39,-0.4518637937431502
Full HHSA,815,826,12,-0.37,-0.7156878163577526
Full HHSA,816,827,12,-0.17,-1.0851331147741907
Full HHSA,817,828,12,-0.23,-0.9145683653280057
Full HHSA,818,829,12,0.22,-0.6452197983517617
Full HHSA,819,830,12,0.18,-0.39758948499434915
Full HHSA,820,831,12,0.35,-0.2796102706242251
Full HHSA,821,832,12,0.4,-0.1446921887833735
Full HHSA,822,833,12,0.45,-0.21995339474561082
Full HHSA,823,834,12,0.38,-0.1514751576601719
Full HHSA,824,835,12,0.05,0.18771832358629217
Full HHSA,825,836,12,-0.2,0.292585494433385
Full HHSA,826,837,12,-0.12,0.12457922859778661
Full HHSA,827,838,12,-0.44,0.10624411041398904
Full HHSA,828,839,12,-0.65,-0.08832722636701346
Full HHSA,829,840,12,-0.64,-0.46306497568646643
Full HHSA,830,841,12,-0.48,-0.4588476687961639
Full HHSA,831,842,12,-0.49,-0.155483209370894
Full HHSA,832,843,12,-0.11,0.30012888523572634
Full HHSA,833,844,12,0.18,0.2193062035482515
Full HHSA,834,845,12,0.31,0.2961357645468954
Full HHSA,835,846,12,0.39,-0.10048836699883756
Full HHSA,836,847,12,0.35,-0.3474237473063093
Full HHSA,837,848,12,0.5,-0.23372763792443693
Full HHSA,838,849,12,1.01,0.15436767746145194
Full HHSA,839,850,12,1.15,0.4250050169174657
Full HHSA,840,851,12,1.1,0.6313318608731471
Full HHSA,841,852,12,0.88,0.4275889230224261
Full HHSA,842,853,12,0.87,0.1474498655541133
Full HHSA,843,854,12,0.92,-0.032419207610523415
Full HHSA,844,855,12,0.82,0.10764051435777552
Full HHSA,845,856,12,0.83,0.10812440315598618
Full HHSA,846,857,12,0.8,-0.013043887539208432
Full HHSA,847,858,12,0.65,-0.19954684023483732
Full HHSA,848,859,12,0.35,-0.4850272278242789
Full HHSA,849,860,12,0.18,-0.8529957907486792
Full HHSA,850,861,12,0.78,-0.7431847509327216
Full HHSA,851,862,12,0.82,-0.5044154247976094
Full HHSA,852,863,12,0.73,-0.29232476464575036
Full HHSA,853,864,12,0.84,-0.11499193317003706
Full HHSA,854,865,12,0.67,0.03217776030686184
Full HHSA,855,866,12,0.65,-0.2226602388207575
Full HHSA,856,867,12,0.66,-0.14118518771111266
Full HHSA,857,868,12,0.05,0.05489279216078788
Full HHSA,858,869,12,-0.05,0.40553748232485587
Full HHSA,859,870,12,0.08,0.36254568099659434
Full HHSA,860,871,12,-0.29,0.08426529279330919
Full HHSA,861,872,12,-0.66,-0.3105110143568466
Full HHSA,862,873,12,-0.9,-0.41637708382084093
Full HHSA,863,874,12,-0.89,-0.45212817884971324
Full HHSA,864,875,12,-1.02,-0.6165465377947266
Full HHSA,865,876,12,-1.12,-0.8857521556974807
Full HHSA,866,877,12,-1.0,-0.7598735251672301
Full HHSA,867,878,12,-0.64,-0.6353222978227958
Full HHSA,868,879,12,-0.47,-0.6901215777673185
Full HHSA,869,880,12,-0.25,-0.5894848557602698
Full HHSA,870,881,12,-0.03,-0.23671627190681255
Full HHSA,871,882,12,-0.18,0.03129636618176612
Full HHSA,872,883,12,-0.36,0.04025924216735588
Full HHSA,873,884,12,-0.49,-0.02782970745115715
Full HHSA,874,885,12,-0.74,-0.032805514670990105
Full HHSA,875,886,12,-0.69,-0.08761240369397663
Full HHSA,876,887,12,-0.89,-0.6666768253494303
Full HHSA,877,888,12,-0.56,-0.7354523369272085
Full HHSA,878,889,12,-0.55,-0.335707180060024
Full HHSA,879,890,12,-0.67,0.00875087652315984
Full HHSA,880,891,12,-0.74,0.02357044584553697
Full HHSA,881,892,12,-0.78,-0.06677478218802883
Full HHSA,882,893,12,-0.52,-0.44869254187764496
Full HHSA,883,894,12,-0.5,-0.6783372024778295
Full HHSA,884,895,12,-0.8,-0.6294648756047623
Full HHSA,885,896,12,-0.93,-0.8678434109553783
Full HHSA,886,897,12,-0.83,-0.8516034066954017
Full HHSA,887,898,12,-0.74,-0.36814555399970383
Full HHSA,888,899,12,-0.63,-0.14704614389882456
Full HHSA,889,900,12,-0.57,-0.1923387348057312
Full HHSA,890,901,12,-0.47,-0.22658120578804594
Full HHSA,891,902,12,-0.08,-0.4584770658134555
Full HHSA,892,903,12,0.25,-0.506430162998558
Full HHSA,893,904,12,0.49,-0.23895504169805926
Full HHSA,894,905,12,0.86,0.07455672711827313
Full HHSA,895,906,12,0.97,0.13728305444834524
Full HHSA,896,907,12,1.2,-0.06789039015355842
Full HHSA,897,908,12,1.41,0.08512128651134163
Full HHSA,898,909,12,1.51,0.5648680513858529
Full HHSA,899,910,12,1.86,0.3890377754681401
Full HHSA,900,911,12,1.76,0.1624413404140326
Full HHSA,901,912,12,1.64,-0.021110438377811375
Full HHSA,902,913,12,1.39,0.38799998109746614
Full HHSA,903,914,12,1.04,0.34504634664173106
Full HHSA,904,915,12,0.98,0.1971161208027367
Full HHSA,905,916,12,0.5,0.015661532141899775
Full HHSA,906,917,12,0.37,0.38626042869791
Full HHSA,907,918,12,0.4,0.7757899394158334
Full HHSA,908,919,12,0.19,0.4406644341339072
Full HHSA,909,920,12,-0.1,0.15701091008238796
Full HHSA,910,921,12,-0.01,0.19483812394806008
Full HHSA,911,922,12,-0.03,0.38446393521191113
Full HHSA,912,923,12,-0.52,0.2302198970582324
Full HHSA,913,924,12,-0.64,0.02416797385621769
Full HHSA,914,925,12,-0.42,0.45683309638100167
Full HHSA,915,926,12,0.04,0.5306036974006704
Full HHSA,916,927,12,-0.05,0.2858832325891164
Full HHSA,917,928,12,0.07,0.2099846959022388
Full HHSA,918,929,12,0.15,0.0735800262484139
Full HHSA,919,930,12,0.14,0.049439876947064615
Full HHSA,920,931,12,-0.15,-0.03529358393573526
Full HHSA,921,932,12,-0.32,0.06052152236600997
Full HHSA,922,933,12,-0.42,0.2020540924597006
Full HHSA,923,934,12,-0.54,0.301479480097557
Full HHSA,924,935,12,-0.39,0.13060230564449368
Full HHSA,925,936,12,-0.4,-0.004785442147070079
Full HHSA,926,937,12,-0.02,0.10670140609036996
Full HHSA,927,938,12,0.22,0.3322986995671606
Full HHSA,928,939,12,0.74,0.36628925925151157
Full HHSA,929,940,12,1.09,0.2906245830081
Full HHSA,930,941,12,1.58,0.18987311742305665
